team_code,pitch_count,school_name
WES_MOU,20265,
MT,18609,
SOU_GOL,17333,
LAM_CAR,17259,
CAL_MUS,17199,
NOR_WOL,17190,
CHA_FOR,16962,
UTA_WOL,16933,
NEW_PRI,16662,
MAR_THU,16076,
STA_CAR,15880,
SOU_IND16,15800,
DIX_STE,15728,
STE_HAT,15703,
SAN_BRO,15694,
CAL_BEA,15655,
CAM_CAM,15641,
CAL_AGO,15338,
SOU_COU,15149,
CHA_BUC,14814,
GEO_COL,14709,
COL_CHA,14690,
OSU_BUC,14637,
IWC,14429,
RID_RAP,14353,
TEAMX,14295,
NOR_CAT,14278,
NOF_OSP,13935,
CAL_MAT,13606,
TRI_P,13524,
STE_LUM,13452,
HOL_SPR1,13289,
BRA_BRA,13118,
ARM_BLA,12862,
ZEB_DEV,12859,
GRE_YAR,12602,
SON_STO,12597,
HIG_TOB,12391,
MAC_BAC,12309,
ASH_COP,12199,
BOO_BIG,12121,
LEX_BLO,12039,
SOU_WES1,11839,
PEN_PIL1,11836,
FLO_RED,11819,
FC_OB,11790,
MAR_MUS,11779,
PAN_COL,11738,
WLM_SHK,11472,
NOR_GEO3,11142,
ORA_COU2,10920,
MIL_UNI2,10918,
CEN_COL,10843,
CON_OAK,10616,
SHE_UNI,10553,
SOU_UNI,10239,
VIR_WIS,10226,
LOW_COL,10176,
UNI_WES,10103,
UNI_TEX,10038,
SAN_BAR,9991,
YOU_HAR,9888,
ERS_COL,9832,
LAN_BEA,9732,
WES_COL,9719,
GEO_SOU,9617,
MOU_OLV,9554,
ALV_CCO,9407,
EC,9394,
GUL_COM,9334,
MOR_HED,9327,
WIL_CAR,9251,
MIS_COL1,9245,
MEN_PAR,9138,
JOH_LOG,9036,
POM_COL,8953,
CSI_EAG,8927,
UNI_MON,8826,
ARR_SEC,8628,
JES_UNI,8628,
SAN_LUI,8570,
BUT_COL1,8530,
BIO_UNI,8435,
MLB_ACA,8394,
TRO_T,8247,
HIL_COL2,8223,
WAL_CRE,8113,
SAN_SPA,8031,
NOK_NOR,8013,
CAT_UNI,7996,
PHO_COL,7898,
SAN_FRA4,7864,
CEN_COL1,7767,
GEO_COL1,7749,
TEM_LEO,7686,
MAR_SAI,7659,
HEN_COL,7645,
JON_COL,7581,
FLO_SOU3,7575,
GOL_W,7369,
NCA_BUL,7342,
CLE_CLE2,7271,
PER_BAS6,7254,
LAS_EXS,7205,
WMI_BRO,7196,
ILI_SPR,7128,
EAS_TEX,7070,
ANG_COL,6789,
THO_M,6787,
ORA_COA,6547,
JUD,6541,
COA_COU,6407,
RHO_COL,6396,
ALB_GRE,6336,
BAR_COL,6334,
UMASS_RIV,6193,
PHI_BAS,5816,
CAS_WES,5805,
UNI_PIK,5451,
ASH_UNI,5373,
LON_ISL22,5245,
ARK_LIO,5241,
SHE_UNI1,5038,
MAR_RED,5008,
GAR_RUN,4885,
WAL_SEN,4817,
NOR_MIS,4732,
MER_COL1,4676,
SAN_BAR1,4655,
ALA_MER,4633,
COK_COB,4627,
MID_NAZ,4465,
ALC_BRA,4391,
LON_BEA,4244,
SAN_DIE24,4230,
PAT_HEN,4229,
CHI_MRN,4207,
SAC_PIO,4153,
MOY_MOY,3997,
MID_COL,3859,
FAI_STA,3758,
STO_COL,3750,
FRA_MAR1,3705,
ANG_STA,3663,
WES_CHE14,3649,
LEB_VAL,3565,
COL_CUG,3520,
SHO_UNI,3506,
SAN_DIE25,3305,
MEN_COL,3264,
VAN_UNI,3258,
CHA_GOL,3168,
NEW_COL,3164,
BRY_STR1,3096,
SPU_PEA,3078,
DES_MOI3,3044,
WES_TEX,3026,
NEW_HAV,2966,
OGL_UNI,2932,
TIF_UNI,2931,
FLA_COL,2864,
MIL_UNI,2820,
CHO_UNI,2777,
CON_UNI1,2766,
CLU_KIN,2667,
SAN_MAR6,2644,
TESTK,2618,
COP_STA,2606,
AUS_COL,2529,
COL_SPA,2529,
FER_COL,2501,
GRY_COL,2459,
PAC_BOX,2458,
RED_UNI,2444,
DEL_HOR,2408,
WES_FLO5,2400,
MIS_BAP,2378,
NOR_UNI,2364,
BER_COL,2336,
FLO_MEM,2318,
MCK_MCK,2295,
LIN_BEN,2284,
UTS_EAG,2233,
CAM_UNI1,2197,
MIS_ST.,2150,
LAN_COM,2139,
202_COL3,2138,
JOH_UNI,2134,
FRE_UNI,2127,
TRI_TIG,2110,
DOD_CIT1,2102,
202_COL2,2096,
GAL_WCS,2076,
CON_TOR,2073,
BOS_PAR,2071,
COP_COM,2067,
PRA_ACA,2048,
CLA_PAN,2041,
SAC_DON,2039,
CAL_STA,2023,
WNT_VCK,2022,
LIN_WIL1,2018,
ABR_BAL,1985,
FAU_UNI,1937,
BRE_COL1,1926,
UNI_THE1,1926,
TEX_A&M1,1917,
NOR_FLO,1871,
THO_C,1862,
NOR_TEX,1849,
OSW_STA,1840,
BLO_UNI,1833,
IND_UNI,1825,
MES_UNI,1811,
BFS_BBS,1798,
MAR_HAW,1785,
17U_CHA4,1784,
CAT_VAL,1763,
MAR_HAR,1762,
FUL_COL,1756,
BAT_ROU,1747,
EAS_CEN2,1732,
MCL_HIL,1706,
MAN_MOU,1688,
SAD_GAU,1677,
CHR_BRO,1666,
GEO_COL2,1653,
IND_UNI2,1602,
CLA_MUD,1590,
WAK_TEC,1586,
SOU_VIR2,1577,
TEX_LUT,1571,
UNI_WES1,1571,
VER_VER,1566,
LET_UNI,1564,
BLI_JC,1558,
HIL_COL,1549,
ELI_BLU,1548,
BRY_COL,1547,
WOU_WOL,1540,
HOU,1537,
WES_TEX1,1537,
CHA_UNI1,1536,
UNI_IND,1534,
16U_CHA25,1530,
GUI_TEC,1519,
17U_CHA7,1462,
COA_(MS,1459,
IRV_VAL,1456,
ITA_ITA,1453,
14U_CHA16,1425,
16U_CHA33,1420,
17U_CHA16,1418,
OHI_DOM,1416,
HOW_PAY,1398,
SPA_MET,1395,
CUM_UNI,1380,
14U_CHA14,1372,
17U_CHA6,1352,
NOR_STA6,1345,
16U_CHA30,1344,
BLU_MOU,1343,
NOR_SPA,1327,
15U_CHA28,1315,
14U_CHA25,1304,
15U_CHA20,1304,
COL_STA2,1298,
LYO_COL,1298,
16U_CHA35,1294,
KEI_UNI,1292,
LUB_CHR,1291,
13U_CHA1,1290,
14U_CHA22,1290,
GRA_HAR,1288,
KAS_COL,1272,
STE_INS,1272,
13U_CHA3,1269,
16U_CHA29,1264,
HOW_HAW,1264,
13U_CHA13,1255,
14U_CHA23,1249,
NEO_NEO,1249,
14U_CHA21,1246,
UNI_PIT,1241,
14U_CHA20,1238,
WHA_JUC,1234,
MIS_DEL1,1233,
DRU_PAN,1231,
MOR_UNI,1230,
13U_CHA10,1226,
CUE_COL,1221,
SEW_COU,1220,
MUH_COL,1217,
RAN_COL,1214,
16U_CHA37,1212,
202_USA10,1212,
HOL_COM,1212,
17U_CHA14,1211,
AUG_UNI1,1211,
15U_CHA26,1210,
BLU_UNI,1210,
17U_CHA2,1206,
17U_CHA9,1202,
UNI_SAI1,1202,
MON_COL,1201,
14U_CHA27,1200,
BRA_UNI,1200,
EVE_COM,1198,
15U_CHA29,1197,
16U_CHA2,1196,
CON_UNI2,1196,
13U_CHA4,1195,
CAL_STA2,1190,
17U_CHA1,1184,
202_USA7,1183,
TRA_UNI,1183,
EAS_STR,1182,
MAR_UNI3,1180,
17U_CHA10,1176,
MAL_UNI,1176,
16U_CHA28,1172,
202_USA9,1172,
16U_CHA34,1167,
MAR_UNI,1165,
13U_CHA6,1154,
15U_CHA30,1153,
PIE_COL,1153,
14U_CHA26,1152,
PAL_SPR,1152,
BET_UNI2,1151,
13U_CHA14,1148,
16U_CHA27,1139,
LOU_COL,1139,
BRO_COL,1138,
14U_CHA13,1137,
17U_CHA13,1135,
EAS_NEW,1135,
16U_CHA21,1133,
16U_CHA14,1128,
17U_CHA3,1128,
17U_CHA8,1128,
14U_CHA19,1127,
202_USA8,1125,
13U_CHA2,1123,
SPR_ARB,1123,
CHE_COM,1122,
13U_CHA11,1120,
PRA_PRA1,1120,
16U_CHA23,1117,
16U_CHA31,1116,
SHA_STA1,1116,
202_BTS2,1109,
COL_INT,1109,
SOU_SOU8,1108,
DAL_COL,1107,
MER_COM1,1104,
14U_CHA18,1102,
WIL_WOO,1101,
CON_MOU,1098,
ST._EDW,1096,
15U_CHA14,1095,
15U_CHA3,1093,
14U_CHA12,1090,
16U_CHA36,1089,
IND_WES,1089,
17U_CHA20,1088,
15U_CHA12,1084,
17U_CHA18,1084,
CAT_VAL1,1082,
16U_CHA32,1080,
14U_CHA15,1076,
CLA_COU,1074,
JUN_COL,1074,
SOU_BAP,1074,
WES_OKL,1074,
17U_CHA15,1070,
UMP_COM,1070,
WIL_JEW,1069,
13U_CHA,1068,
LEW_UNI,1068,
BEL_COL,1057,
LYN_UNI,1055,
NOR_CEN4,1055,
202_BTS3,1053,
FRA_COL,1053,
OKL_CHR,1045,
CEN_MUL,1043,
WAL_WAL4,1035,
COL_COM,1033,
OAK_CIT,1033,
NEW_MEX,1030,
CLO_COU1,1028,
SOU_MTC,1027,
15U_CHA19,1023,
UNI_SCR,1023,
LIN_UNI2,1016,
UNI_FIN,1014,
SNT_LEO,1013,
MES_COM,1012,
13U_CHA5,1011,
COL_SPR,1010,
EAS_OKL,1007,
BAR_COL1,1006,
14U_CHA24,1005,
FEL_UNI,1003,
202_WOM,1002,
202_WOM1,1002,
OHL_COL,1002,
SOU_COM1,995,
KUT_GOL,994,
17U_CHA17,993,
DAK_COU,991,
LEN_COL,988,
13U_CHA9,985,
WEA_WEA,984,
CHI_COL,982,
PAS_CIT,981,
PUG_SOU,979,
17U_CHA5,974,
SHI_UNI,972,
RED_COM,971,
IOW_WES,969,
16U_CHA38,967,
13U_CHA15,966,
13U_CHA8,966,
ALB_STA,964,
HIN_COM,963,
15U_CHA32,960,
ECK_COL,958,
14U_CHA17,951,
SAL_UNI,950,
LIN_TCO,945,
17U_CHA12,943,
SUN_POL,943,
17U_CHA11,942,
SUL_ROS,942,
FNT_COM,941,
PRA,937,
13U_CHA12,936,
SOU_ARK2,935,
CIN_CLE,934,
CAM_UNI,929,
CON_CHI,929,
UNI_COL,928,
ALL_HAN,927,
SCO_CCO,927,
CAS_COL,926,
15U_CHA25,923,
16U_CHA24,921,
LIN_CCW,921,
UNI_NOR1,918,
HAR_SIM,914,
NOR_OKL,912,
WOO_FIG,912,
16U_CHA40,911,
WES_COL1,910,
LOU_CHR,907,
CHA_15U14,905,
EDM_COM,902,
WES_UNI,899,
SAU_VAL1,894,
DAV_ELK,890,
15U_CHA24,886,
WIL_BAP,886,
NOR_MIS2,885,
PIE_LIO,884,
TESTA,881,
DEP_UNI,880,
HIG_COM3,879,
COA_GUA,878,
OTT_UNI,878,
RICA,875,
PAS_COM,871,
YOR_COL,866,
UNI_ALA,865,
NOR_JUN,863,
BOW_COL,862,
CHA_UNI,862,
DRE_UNI,858,
HOB_COL,858,
CAL_MIR,853,
GRA_VAL1,852,
WAY_BAP,852,
FLO_TEC,851,
GOL_COL,851,
15U_CHA31,850,
13U_CHA7,846,
DFW_POS,845,
PER_STA,842,
POT_STA,842,
TAL_STA,841,
SEW_TIG,839,
WIL_COL,830,
15U_CHA27,827,
GLE_COM,812,
JAC_STA,812,
RIV_CIT,812,
SCO_FLO,812,
SLI_ROC,811,
UNI_MOB,810,
TRI_COL1,807,
BER_COL1,805,
COL_COL10,804,
PAR_VCC,802,
PIT_COL,801,
UNI_ARK1,799,
IMM_UNI,798,
CAL_POL1,793,
MCP_COL,793,
POI_UNI,793,
AMH_COL,788,
MAR_SCT,788,
NOR_COM,785,
DIL_UNI,782,
ELL_COM,778,
SAG_VAL,778,
DYE_EAG,772,
GRA_CHR,772,
MIS_UNI,772,
VOL_STA2,768,
THO_UNI,765,
17U_CHA19,764,
UNI_THE2,762,
CIS_WRA,756,
16U_CHA26,746,
CAR_ALB,746,
BRI_EAG,744,
PEN_STA,738,
GAT_COM,735,
COM_COL,724,
MIL_UNI3,722,
GAN_UNI,719,
BEN_FAL1,718,
15U_CHA33,716,
JOH_CAR2,713,
DOM_UNI2,707,
PIE_BUL,705,
WAY_STA,699,
SOU_UNI1,695,
ANO_COM,686,
COA_ALA3,680,
WAB_COL,675,
SPO_COL,670,
OCC_T,664,
ROC_CHR,654,
MOT_COM,652,
LAK_LAN,645,
LSU_FAL,642,
HAM_COL,640,
LOS_ANG,640,
MOO_COL,639,
CHA_COL,637,
LOU_STA,636,
REN_POL,636,
ROA_COL,635,
CHA_GIL,625,
SUS_UNI,625,
ROO_UNI,622,
MID_CCC,621,
HAM_COL2,619,
NOR_PAR,614,
MIN_WES,613,
DES_UNI,612,
NOR_IOW2,612,
WHI_COL1,612,
UMW_EAG,611,
WHE_COL,609,
TAC_TAC,607,
MT._HOO,606,
SOU_SUB,604,
RIC_COL,603,
MSA_M,602,
AVE_UNI,601,
ROG_WIL,600,
XAV_LOU,597,
BOS_PAR1,595,
OXN_COL,591,
VIR_STA1,591,
FLO_SOU1,589,
ROL_ROL,589,
CEN_COL4,588,
CMU_MAV,587,
BUT_BUT1,586,
BUE_VIS,584,
PEL_STA,584,
NIC_COL1,582,
LOS_ANG1,581,
UW-_TIT,572,
GLE_COM1,570,
KIN_COL,569,
ICC_COU,566,
202_ORE,564,
202_ORE1,564,
BAK_COL,564,
JEF_UNI,559,
GAR_CIT,557,
SWI_BSM,555,
VEN_COL,554,
BAK_WIL,553,
PHI,550,
COF_COF,547,
LSU_ALE,545,
DEL_VAL,544,
INL_VAL,544,
MCH_COU2,537,
RAN_MAC,537,
KEN_STA1,536,
202_APP,533,
OKO_DAW,533,
PEN_HAR,532,
CAL_STA6,528,
GAD_STA,526,
GRA_COL,525,
COL_COL14,524,
SHE_STA,523,
OLY_COL,520,
CAL_TEC,518,
DAL_COM,512,
SUF_UNI,508,
DAN_ARE1,505,
HIL_COL3,501,
EAS_MIS,500,
PIM_COM,497,
202_HAI,496,
ALL_ALL5,495,
COL_COL12,491,
CLA_COL,482,
SIM_UNI,481,
SOU_BAP1,480,
EAC,478,
MOU_MER,477,
DEL_COM,467,
RIC_BLA,458,
UNI_WIS,454,
202_HAI2,453,
202_HAI5,453,
CLE_SCC,451,
CER_COL,442,
CAL_UNI,434,
VER_CHA,432,
UTA_STA,427,
BEN_UNI,417,
ELM_UNI,412,
NMX_THU,412,
LUN_COM,409,
ST._MAR2,402,
WHI_COL,400,
MLB_BRE8,397,
PAL_COM,397,
BER_HON,396,
SOU_IOW2,369,
WAS_UNI,369,
CAM_COL,368,
BAS_UNI,367,
MER_COL2,364,
WALL_DOT,360,
GRE_KNI,359,
QUE_CIT1,356,
USC_LAN,350,
END_COL,349,
OBE_COL,348,
OLN_CEN,346,
HEN_RED,343,
WOR_POL,342,
JOH_WOO,341,
IND_UNI1,340,
TAL_COL,340,
BAL_UNI,339,
KAN_C,339,
ALL_COU2,336,
MAR_BAS5,335,
STE_MUS,335,
TRA_HIG,335,
WIL_UNI1,334,
202_CPL4,331,
202_CPL5,331,
DUB_FIS,331,
RUS_SAG,331,
WIL_QUA,331,
BEAR,330,
CHI_STA,327,
LAM_COM,327,
LAN_COL,327,
PEN_BW,325,
CAR_COL,324,
GLE_STA,324,
INL_VAL1,324,
SOU_BAY1,324,
BIS_STA,320,
AUR_UNI,319,
TEX_A&M2,318,
UNI_BRI1,318,
WAS_EDA,318,
YOR_TIG,318,
LOS_ANG3,317,
RED_D,317,
TRA_RED,317,
MOU_ALO,316,
MER_COL,313,
GET_COL,312,
LAN_BIB,312,
NOV_KNI,312,
SPR_HIL1,312,
SAN_DIE22,311,
17U_CHA21,310,
17U_CHA22,310,
KAL_COL,310,
ALV_GOL,309,
CCU_BLD,308,
JOH_AND,307,
SAN_DIE23,307,
ARK_WEE,306,
CAL_STA7,306,
VER_STA,306,
WES_VIR7,305,
SPR_SPR1,304,
GRE_F,300,
POO_SEE,300,
202_WCL2,299,
202_WCL3,299,
BRE_LAN1,299,
VIN_UNI,299,
DOM_UNI,296,
EAS_MEN,296,
DEN_UNI,293,
UNI_COM,293,
LEX_COU,292,
MSU_DEN,292,
EMB_EAG,291,
HUS_TIL,291,
CAL_COM,289,
MAR_BAL,289,
SHA_COM,288,
NOR_UNI1,287,
TEN_SOU,286,
MAV_BAS,284,
YAN_YAN,283,
BUR_S,280,
FUL_HOR,280,
WES_WES6,280,
MID_UNI,278,
SNE_STA,278,
CIT_OWL,275,
WAS_GEN,272,
FRO_STA,271,
JOL_JUN,271,
MT._SAN,270,
POI_PAR,270,
RLC_WRS,270,
DAL_COL4,269,
REI_STA,269,
NOR_(NE,268,
EAS_LOS,267,
NUN_PEL,265,
SMU_SAI,265,
SCC_C,264,
WAR_COL,264,
BRE_TOR,263,
LOU_STA1,263,
SOU_SUB3,261,
SOU_ILL,259,
VER_STA1,259,
BAU_BAT,258,
WES_VIR4,258,
ALL_COU1,254,
15U_CHA21,253,
15U_CHA22,253,
202_HAI4,251,
BEL_UNI1,250,
MOL_COL,250,
WIL_UNI,249,
ALI_LLO,248,
OUA_BAP,247,
GRA_R,246,
202_HAI1,245,
CHA_15U5,241,
GAS_COL,240,
DAN_O,239,
TEA_BLK,239,
EVE_MER,238,
JOH_C,236,
MAS_INS,235,
16U_CHA41,232,
16U_CHA42,232,
SOU_SOU4,229,
BRE_SER,225,
202_BTS4,224,
202_BTS1,220,
DAL_COL3,215,
TEA_TEA4,214,
202_BTS8,213,
NOR_CEN1,208,
202_BTS13,207,
202_BTS11,206,
202_BTS14,205,
ASB_UNI,204,
202_BTS9,201,
202_BTS6,198,
202_BTS7,198,
202_BTS10,194,
MON_COL1,185,
ALV_CCP,184,
MLB_BRE9,172,
YAV_API,172,
PUR_UNI,161,
ROB_COM,161,
LA,118,
BOS,107,
LOR_DUH,99,
202_CAP2,61,
202_CAP3,61,
CAN_COU,60,
MIL_COL,33,
WES_HIL9,31,
ARI,22,
ANA,16,
ALE_ACE,7,
SS-_TBO,7,
KEE_STA,4,
KIN_BAS5,1,
LIV_POS,1,
SAN_DIE8,1,
