PitchNo,Date,Time,Pitcher,PitcherId,PitcherThrows,PitcherTeam,PitcherSet,PitchCall,Balls,Strikes,TaggedPitchType,PitchSession,Flag,RelSpeed,VertRelAngle,HorzRelAngle,SpinRate,SpinAxis,Tilt,RelHeight,RelSide,Extension,VertBreak,InducedVertBreak,HorzBreak,PlateLocHeight,PlateLocSide,ZoneSpeed,VertApprAngle,HorzApprAngle,ZoneTime,pfxx,pfxz,x0,y0,z0,vx0,vy0,vz0,ax0,ay0,az0,PlayID,CalibrationId,EffVelocity,PracticeType,Device,Direction,BatterId,Batter,HitSpinRate,HitType,ExitSpeed,BatterSide,Angle,PositionAt110X,PositionAt110Y,PositionAt110Z,Distance,LastTrackedDistance,HangTime,Bearing,ContactPositionX,ContactPositionY,ContactPositionZ,SpinAxis3dTransverseAngle,SpinAxis3dLongitudinalAngle,SpinAxis3dActiveSpinRate,SpinAxis3dSpinEfficiency,SpinAxis3dTilt,PitchUID,SessionId
1,2026-06-01,13:11:15.99,"Colwell, Cooper",1000499454,Right,,,,,,Fastball,Live,,79.00914,0.6423215239,-2.439597826,1900.106482,214.9919656,1:15,6.20031,1.45554,4.48515,-30.55006,17.21859,12.09512,4.26712,0.13738,71.00412,-4.997376467,-0.2029650938,0.4974424923,-7.01953,8.66395,-1.21044,50,6.23972,4.45297,-114.50501,0.21018,-9.17644,24.17343,-20.84791,ec53e66b-afd0-4dda-9dfd-4ee04b07eb2e,82a4f69c-8739-467e-b412-bf0a60f23d4e,75.77246,Pitching,23360159,,,,,,,,,,,,,,,,,,,,30.14247944,1643.172866,0.8647793597,,00236947-6811-46a0-b02c-81395c8f14d6,4cb7619b-6685-41a8-8037-7667406ba5fe
2,2026-06-01,13:11:36.01,"Colwell, Cooper",1000499454,Right,,,,,,Curveball,Live,,66.29571,0.4142072045,-3.675085528,1983.429409,57.61846712,8:00,6.09013,1.73983,4.56363,-71.83959,-4.36466,-6.81258,0.49845,-2.32963,61.28853,-12.6066066,-4.926985286,0.5912111228,2.38248,-2.37956,-1.35247,50,6.06838,6.36773,-96.02931,-1.41048,2.20194,16.29301,-34.37328,c95dae77-44f6-40a1-b245-2092b9b14893,82a4f69c-8739-467e-b412-bf0a60f23d4e,63.75462,Pitching,23360159,,,,,,,,,,,,,,,,,,,,,,,,f7951f8e-0506-40a6-be88-653befed684e,4cb7619b-6685-41a8-8037-7667406ba5fe
3,2026-06-01,13:12:09.60,"Colwell, Cooper",1000499454,Right,,,,,,Fastball,Live,,79.93198,-2.048276905,-1.852418618,2025.361861,208.3594949,1:00,6.21782,1.32986,5.46076,-24.34197,20.14474,10.88579,2.27059,0.50279,72.95876,-6.576292913,0.1840035154,0.480050091,-6.32132,11.3001,-1.17427,50,6.02112,3.41561,-116.12566,-4.91591,-8.60025,22.48904,-16.80008,caf614d8-27c9-4a70-9949-1cc480bbf4a2,82a4f69c-8739-467e-b412-bf0a60f23d4e,78.51772,Pitching,23360159,,,,,,,,,,,,,,,,,,,,27.83564806,1791.008514,0.8842906294,,a102bbde-f89b-460b-8b67-a8eff5e106e0,4cb7619b-6685-41a8-8037-7667406ba5fe
4,2026-06-01,13:12:25.67,"Colwell, Cooper",1000499454,Right,,,,,,ChangeUp,Live,,71.31495,-4.921116298,-4.080845778,1668.211798,,,6.04918,1.75762,5.21298,,,,,,,,,,-9.35858,11.66189,-1.39143,50,5.56458,6.91405,-102.89967,-9.9915,-9.82074,20.45945,-19.93625,8000b68b-118f-4f08-a0f6-272b52eb4c38,82a4f69c-8739-467e-b412-bf0a60f23d4e,,Pitching,23360159,,,,,,,,,,,,,,,,,,,,27.33033931,1481.996394,0.8883742436,,00507be5-3af0-4c30-985d-2ae2007aba56,4cb7619b-6685-41a8-8037-7667406ba5fe
5,2026-06-01,13:12:38.99,"Colwell, Cooper",1000499454,Right,,,,,,ChangeUp,Live,,76.79439,-5.207361824,-4.145969166,1905.14021,,,6.09469,1.55447,5.32531,,,,,,,,,,-11.61115,10.25013,-1.19316,50,5.59869,7.44587,-110.85441,-11.13139,-14.28328,21.93101,-19.56502,b207b313-1643-4a91-843f-ff4a1d233f3a,82a4f69c-8739-467e-b412-bf0a60f23d4e,,Pitching,23360159,,,,,,,,,,,,,,,,,,,,22.26660719,1763.075265,0.9254307138,,1989d8b7-f652-4aeb-9b9a-baeec008e5bf,4cb7619b-6685-41a8-8037-7667406ba5fe
6,2026-06-01,13:13:25.25,"Colwell, Cooper",1000499454,Right,,,,,,Fastball,Live,,81.78511,-4.096295643,-1.684347554,2153.908518,220.7534262,1:15,5.91982,1.81758,5.38124,,,,,,,,,,-6.94026,8.76216,-1.67536,50,5.53304,3.09949,-118.47401,-9.4249,-9.70547,26.03209,-19.92077,2b26f267-0c68-4d5b-b50d-d0807fc11780,82a4f69c-8739-467e-b412-bf0a60f23d4e,,Pitching,23360159,,,,,,,,,,,,,,,,,,,,29.94238161,1866.421569,0.8665277811,,8453edb5-2798-4817-97cd-b2671a574865,4cb7619b-6685-41a8-8037-7667406ba5fe
7,2026-06-01,13:13:39.41,"Colwell, Cooper",1000499454,Right,,,,,,Fastball,Live,,80.48514,-2.936396324,0.06425815518,1949.074041,212.544846,1:00,6.18409,1.49392,5.13119,-27.51649,17.25964,11.02435,1.12366,2.47312,73.14329,-8.020254177,2.122452381,0.4816090754,-5.78403,10.00255,-1.50823,50,5.88808,-0.49335,-116.77494,-6.89444,-7.89426,24.36652,-18.5222,7f704193-e7f2-4013-88bd-2285998a8ff5,82a4f69c-8739-467e-b412-bf0a60f23d4e,78.26356,Pitching,23360159,,,,,,,,,,,,,,,,,,,,,,,,94cde635-6f0f-45ae-bde7-e4a7c114a214,4cb7619b-6685-41a8-8037-7667406ba5fe
8,2026-06-01,13:14:10.00,"Colwell, Cooper",1000499454,Right,,,,,,Curveball,Live,,68.40049,4.633657135,0.401836803,2110.575665,79.84914042,8:45,6.04138,1.56712,4.66355,-64.17067,-2.30274,-12.49289,5.10452,0.90771,63.41951,-7.048688588,-1.881528923,0.5661143852,6.5201,-2.2786,-1.59689,50,6.45704,-0.31501,-99.19039,6.08423,6.59259,13.65066,-34.47798,ab8ca167-9af4-4de3-a472-a827c0375eff,82a4f69c-8739-467e-b412-bf0a60f23d4e,66.58096,Pitching,23360159,,,,,,,,,,,,,,,,,,,53.11236708,70.68979877,697.9302823,0.3306824266,7:45,3d860338-6060-45f3-9d60-f3ce1a0ecacf,4cb7619b-6685-41a8-8037-7667406ba5fe
9,2026-06-01,13:14:31.19,"Colwell, Cooper",1000499454,Right,,,,,,Fastball,Live,,82.28551,-1.896644396,-2.923600322,2037.054994,209.4320705,1:00,6.15139,1.48615,5.21189,-23.88729,19.22113,10.86285,2.37456,-0.3598,73.78118,-6.361713876,-0.8847048566,0.4725550622,-6.73956,10.81537,-1.22404,50,5.95875,5.73285,-119.2553,-4.74064,-9.5048,27.35991,-16.92112,e9dda1d7-9ef5-4863-9ad7-bc9d63b70c33,82a4f69c-8739-467e-b412-bf0a60f23d4e,79.76306,Pitching,23360159,,,,,,,,,,,,,,,,,,,,27.042406,1814.344323,0.8906702708,,92ce7112-bea4-4173-9d55-71d100f6db98,4cb7619b-6685-41a8-8037-7667406ba5fe
10,2026-06-01,13:14:46.82,"Colwell, Cooper",1000499454,Right,,,,,,ChangeUp,Live,,75.99932,,,1768.416538,,,6.24969,1.89128,5.2384,,,,,,,,,,-24.00193,26.08936,-1.29878,50,5.55897,11.63357,-108.51747,-14.38925,-27.43353,26.31665,-2.35464,47e3d119-865c-4cac-92f8-3f269cdc4b5d,82a4f69c-8739-467e-b412-bf0a60f23d4e,,Pitching,23360159,,,,,,,,,,,,,,,,,,,,19.98105023,1661.96792,0.9398056877,,43dc66db-fb05-4de4-a692-6befe29d5b36,4cb7619b-6685-41a8-8037-7667406ba5fe
11,2026-06-01,13:15:03.57,"Colwell, Cooper",1000499454,Right,,,,,,Fastball,Live,,80.49794,-0.014694772,-1.111869018,2050.979105,228.1740826,1:30,5.9481,1.92307,4.56915,-32.24429,13.56381,15.20196,3.24709,2.1319,72.54255,-5.966366288,1.704936496,0.4871274014,-8.21546,7.01403,-1.82161,50,5.91769,1.72702,-116.7692,-1.17375,-11.16616,25.1861,-22.64083,5e1e5730-1cfc-4e3a-9eea-2f523638464c,82a4f69c-8739-467e-b412-bf0a60f23d4e,77.37696,Pitching,23360159,,,,,,,,,,,,,,,,,,,224.5299441,44.03127122,1474.573083,0.7189605586,1:30,03d97558-ed4a-4901-b89a-369eff61ab93,4cb7619b-6685-41a8-8037-7667406ba5fe
12,2026-06-01,13:15:19.58,"Colwell, Cooper",1000499454,Right,,,,,,Curveball,Live,,67.58028,-2.714998511,-4.568666916,1715.442881,,,6.04369,1.66538,4.86645,,,,,,,,,,-0.79835,-1.09663,-1.21445,50,5.71986,7.84219,-97.76031,-6.60034,-0.76813,16.24403,-33.22918,8b93d8b2-35c2-4194-aa88-730da2bd43a5,82a4f69c-8739-467e-b412-bf0a60f23d4e,,Pitching,23360159,,,,,,,,,,,,,,,,,,,,,,,,934f30dc-a1fc-48ae-8427-42c6bcca90c8,4cb7619b-6685-41a8-8037-7667406ba5fe
13,2026-06-01,13:15:41.75,"Colwell, Cooper",1000499454,Right,,,,,,Fastball,Live,,79.20637,-1.878897334,-2.418794003,1855.551071,201.4337575,12:45,6.13021,1.82399,,-28.38282,19.23357,7.56478,1.96544,0.13927,71.94665,-7.056250069,-1.030972046,0.4966490741,-4.58692,10.38105,-1.56851,50,5.89795,4.57256,-114.77624,-4.80301,-6.07237,22.74815,-18.43116,0653e53f-133d-4e1a-8560-10922173eb85,82a4f69c-8739-467e-b412-bf0a60f23d4e,,Pitching,23360159,,,,,,,,,,,,,,,,,,,,6.548683644,1843.444174,0.9934753094,,3718fb17-5114-47d5-8a99-8647e979acd1,4cb7619b-6685-41a8-8037-7667406ba5fe
14,2026-06-01,13:15:57.39,"Colwell, Cooper",1000499454,Right,,,,,,ChangeUp,Live,,73.78076,,,1768.565036,,,6.09641,1.44157,5.38429,,,,0.13023,-0.0097,67.16104,-9.985743432,0.1913612016,0.5241030091,-10.33898,9.13942,-1.17582,50,5.80099,5.3001,-106.9133,-6.72176,-11.80328,20.78413,-21.74022,3a5cac8f-fcfb-441f-abe2-dc524a0d47fc,82a4f69c-8739-467e-b412-bf0a60f23d4e,71.918,Pitching,23360159,,,,,,,,,,,,,,,,,,,,24.04822842,1615.058482,0.9132027656,,282acd2d-12cf-4801-8439-fff4feaf23ff,4cb7619b-6685-41a8-8037-7667406ba5fe
15,2026-06-01,13:16:21.13,"Colwell, Cooper",1000499454,Right,,,,,,Fastball,Live,,80.81997,-2.977137912,-0.162729172,2090.644811,187.6823379,12:15,6.23776,1.57663,4.93919,-25.55152,19.24769,2.59784,1.29261,1.63934,73.21122,-7.693137084,0.3212180552,0.4817332032,-1.4104,11.01012,-1.56292,50,5.92818,0.24482,-117.2028,-6.9616,-1.93628,24.84188,-17.0587,32dbac68-0484-43cc-a1f6-ab90dde8a63e,82a4f69c-8739-467e-b412-bf0a60f23d4e,78.24339,Pitching,23360159,,,,,,,,,,,,,,,,,,,,33.65281823,1740.275198,0.8324107417,,a1a70a33-1325-4f56-9311-8d13001ea5d2,4cb7619b-6685-41a8-8037-7667406ba5fe
16,2026-06-01,13:16:39.67,"Colwell, Cooper",1000499454,Right,,,,,,Curveball,Live,,67.68744,2.415321139,-1.855571602,1870.256514,131.4161464,10:30,6.08983,1.80319,,-57.28085,8.14954,-9.2827,3.62588,-0.74324,61.31169,-8.085758397,-3.565137828,0.5821852059,4.16466,3.40291,-1.59543,50,6.29432,3.46034,-98.03515,2.38314,3.99268,17.65268,-28.91166,d2fd2888-60e2-410b-a325-d55ca3166876,82a4f69c-8739-467e-b412-bf0a60f23d4e,,Pitching,23360159,,,,,,,,,,,,,,,,,,,,,,,,1addb941-e029-4191-af44-dfe628d74ea2,4cb7619b-6685-41a8-8037-7667406ba5fe
17,2026-06-01,13:17:15.51,"Colwell, Cooper",1000499454,Right,,,,,,Sinker,Live,,77.43196,0.7026043733,-3.438582289,1974.394703,237.4382215,2:00,6.2782,1.75023,5.35442,-37.96822,10.30769,16.2512,3.77425,-0.12382,69.65796,-6.410525866,-0.3860144715,0.5000766925,-9.77015,5.24625,-1.45238,50,6.31509,6.25236,-112.275,0.22549,-12.25223,23.65632,-25.595,046a89ee-8589-41d5-ae70-904a69a5465c,82a4f69c-8739-467e-b412-bf0a60f23d4e,75.37332,Pitching,23360159,,,,,,,,,,,,,,,,,,,,44.15326911,1416.586702,0.7174789825,,eee92077-f21c-44a2-8136-ca8a10b9304b,4cb7619b-6685-41a8-8037-7667406ba5fe
18,2026-06-01,13:17:35.40,"Colwell, Cooper",1000499454,Right,,,,,,Curveball,Live,,68.77306,-0.7826721743,-2.264624799,,,,6.17231,2.03043,4.11919,-60.86355,2.79534,-0.6837,0.34891,-0.20009,63.18652,-11.7700542,-2.389843572,0.5742498865,-0.35414,1.6629,-1.77744,50,6.02277,3.96295,-99.65557,-3.32062,-0.35225,17.64536,-30.52001,cfa23e64-e971-4f01-a8d4-c694feed9ec9,82a4f69c-8739-467e-b412-bf0a60f23d4e,65.6377,Pitching,23360159,,,,,,,,,,,,,,,,,,,,,,,,a0e65924-d1d8-4bab-9b74-b8e31504ec6f,4cb7619b-6685-41a8-8037-7667406ba5fe
19,2026-06-01,13:17:55.85,"Colwell, Cooper",1000499454,Right,,,,,,ChangeUp,Live,,74.62155,-2.976424885,-2.570325026,1797.154099,245.3957261,2:15,6.0008,1.72586,5.41614,,,,,,,,,,-11.68004,5.92307,-1.5116,50,5.70746,4.26255,-108.19637,-6.86341,-13.66392,21.18847,-25.24493,ec3594b3-5582-4f5a-9c64-553b4818b022,82a4f69c-8739-467e-b412-bf0a60f23d4e,,Pitching,23360159,,,,,,,,,,,,,,,,,,,,28.62747028,1577.458062,0.8777533673,,7ead8075-d060-4f3f-ab21-0de821fc0c7e,4cb7619b-6685-41a8-8037-7667406ba5fe
20,2026-06-01,13:18:13.10,"Colwell, Cooper",1000499454,Right,,,,,,Fastball,Live,,78.14554,-2.099539106,-2.872589699,1903.726612,209.4522229,1:00,6.10199,1.63436,4.89704,-29.59905,18.56886,10.50327,1.64647,-0.20927,70.55002,-7.575081779,-0.9170695688,0.4995170626,-6.42064,10.38689,-1.36178,50,5.87243,5.33618,-113.22622,-5.12924,-8.20462,23.69362,-18.90116,30a898b8-58a8-4a3e-aa6c-0f3bb9f22cc2,82a4f69c-8739-467e-b412-bf0a60f23d4e,75.45776,Pitching,23360159,,,,,,,,,,,,,,,,,,,,0.56153267,1903.635184,0.9999519746,,4f60402c-d692-44a2-b5d4-5d3ee7cd41e4,4cb7619b-6685-41a8-8037-7667406ba5fe
21,2026-06-01,13:24:53.13,"Allison, Chris",1000542939,Right,,,,,,Fastball,Live,,74.02416,,,1887.798408,,,5.75927,0.94971,4.77779,,,,3.64068,0.41421,66.54985,-5.622955926,0.1597066267,0.5280725603,-4.23987,9.71317,-0.83472,50,5.81134,2.04103,-107.38967,0.4256,-4.86608,21.5824,-21.02629,db194550-a8b7-42d0-842b-9cebb38df06f,82a4f69c-8739-467e-b412-bf0a60f23d4e,71.37739,Pitching,23360159,,,,,,,,,,,,,,,,,,,,31.85888591,1603.402831,0.8493506638,,dfd47526-8bd3-4700-8d5c-cec5880a8c6d,4cb7619b-6685-41a8-8037-7667406ba5fe
22,2026-06-01,13:25:18.67,"Allison, Chris",1000542939,Right,,,,,,ChangeUp,Live,,72.23862,-2.180464249,-3.557472789,1364.485026,211.0016574,1:00,5.673,0.90536,4.67554,-41.1632,15.40564,9.28359,0.16723,-1.70344,65.9838,-9.702956933,-1.84373695,0.5413274244,-5.886,8.63843,-0.55143,50,5.41495,6.21127,-104.61253,-5.28743,-6.46612,19.07679,-22.6842,1abde491-8221-4a2c-b94e-51e8ef8a9ece,82a4f69c-8739-467e-b412-bf0a60f23d4e,69.62965,Pitching,23360159,,,,,,,,,,,,,,,,,,,,37.64911497,1080.353294,0.7917663249,,fe5b0361-7f1e-4b23-9f1b-a3354180401c,4cb7619b-6685-41a8-8037-7667406ba5fe
23,2026-06-01,13:25:54.22,"Allison, Chris",1000542939,Right,,,,,,ChangeUp,Live,,72.31153,-1.305235517,-2.566288086,1433.031066,213.9879851,1:15,5.66939,0.78796,4.89665,-41.03928,15.14859,10.2454,1.01362,-0.78686,65.52866,-8.884733146,-0.6580507878,0.5395015609,-6.18786,8.34217,-0.54516,50,5.50842,4.38715,-104.84159,-3.6404,-6.77834,20.34061,-23.03581,ec2040d2-3745-418c-8195-f96c003f5aa8,82a4f69c-8739-467e-b412-bf0a60f23d4e,69.8653,Pitching,23360159,,,,,,,,,,,,,,,,,,,,40.03711,1097.168643,0.7656279542,,b5f1372b-5f05-4cc8-bc27-ce79871177f8,4cb7619b-6685-41a8-8037-7667406ba5fe
24,2026-06-01,13:26:08.03,"Allison, Chris",1000542939,Right,,,,,,Fastball,Live,,74.51819,1.730607872,-0.5053036685,1858.561344,220.5475054,1:15,5.68571,0.75144,,-38.37695,17.28345,14.82317,4.16356,1.49752,66.70767,-5.260494365,2.201388346,0.5369632436,-7.58934,8.07269,-0.70797,50,5.84908,0.40767,-107.83538,1.85147,-8.76363,22.13427,-22.85228,aa5ffe65-bef4-4bad-92b0-5dbc9686b977,82a4f69c-8739-467e-b412-bf0a60f23d4e,,Pitching,23360159,,,,,,,,,,,,,,,,,,,,28.0389942,1640.418053,0.8826278768,,27d20e25-324b-4e2e-9674-1b1181a4ccd0,4cb7619b-6685-41a8-8037-7667406ba5fe
25,2026-06-01,13:26:48.33,"Allison, Chris",1000542939,Right,,,,,,Fastball,Live,,76.47863,-0.9071183321,-4.147928953,1960.690879,216.5333991,1:15,5.82497,0.49633,,-33.18273,18.43656,13.71344,2.18868,-2.34011,68.96449,-6.977995002,-1.631333771,0.5171034147,-8.31627,9.69442,-0.0541,50,5.69215,7.53811,-110.60352,-2.92469,-10.16074,22.24467,-20.3295,ca224a20-e952-4291-b80d-d2c96fcbe0ac,82a4f69c-8739-467e-b412-bf0a60f23d4e,,Pitching,23360159,,,,,,,,,,,,,,,,,,,,30.55200166,1688.484564,0.8611681638,,bb623a3d-076e-4ed2-8439-0f32ac482d16,4cb7619b-6685-41a8-8037-7667406ba5fe
26,2026-06-01,13:27:11.58,"Allison, Chris",1000542939,Right,,,,,,Slider,Live,,68.28294,3.204186355,-2.452739423,1906.173895,130.1251425,10:15,5.57501,0.7561,4.18056,-55.18019,8.46655,-10.07322,4.05297,-2.43502,62.88489,-6.786654235,-4.280555042,0.5741951148,4.46494,3.45298,-0.47518,50,5.87272,4.56213,-98.95147,3.77201,4.45274,14.92644,-28.7305,853dc5fc-d1f6-49b2-a4c4-2afb9a6eb8ea,82a4f69c-8739-467e-b412-bf0a60f23d4e,65.64396,Pitching,23360159,,,,,,,,,,,,,,,,,,,,,,,,32539698-940d-478c-b689-35dc6512a697,4cb7619b-6685-41a8-8037-7667406ba5fe
27,2026-06-01,13:27:33.45,"Allison, Chris",1000542939,Right,,,,,,Fastball,Live,,74.86995,-2.024930544,-2.770568888,1937.454114,201.3701487,12:45,5.64558,0.56695,4.81,-32.38884,20.22661,7.93075,1.0254,-1.39855,67.69825,-8.000511198,-1.296773492,0.5220691667,-5.02606,11.19307,-0.29826,50,5.41727,4.9968,-108.48177,-4.87322,-5.89829,21.66998,-19.03852,1dea6590-f52c-476d-a047-0752316c0981,82a4f69c-8739-467e-b412-bf0a60f23d4e,72.19817,Pitching,23360159,,,,,,,,,,,,,,,,,,,,,,,,15298749-dd45-460c-a169-a61c8a093368,4cb7619b-6685-41a8-8037-7667406ba5fe
28,2026-06-01,13:27:51.79,"Allison, Chris",1000542939,Right,,,,,,ChangeUp,Live,,73.13298,0.05216407307,-0.9063108969,1449.206285,211.6699833,1:00,5.6163,0.68892,,-40.4412,16.4316,10.16709,2.29633,0.66513,65.75808,-7.345572355,0.9637943343,0.5427798318,-5.46421,8.32295,-0.59706,50,5.57994,1.32648,-105.94833,-1.29395,-6.09004,21.38637,-22.89785,9d27de57-ba99-4432-8cb2-d15839334bd6,82a4f69c-8739-467e-b412-bf0a60f23d4e,,Pitching,23360159,,,,,,,,,,,,,,,,,,,,40.40441623,1103.553702,0.7614883496,,4ecaaccb-1425-4b00-82bf-df3930535213,4cb7619b-6685-41a8-8037-7667406ba5fe
29,2026-06-01,13:28:06.15,"Allison, Chris",1000542939,Right,,,,,,Fastball,Live,,74.35082,0.1368612188,-0.1383041785,1860.283598,202.6394815,12:45,5.62996,0.4663,5.21955,-31.74807,20.79112,8.68962,3.11295,1.06042,66.80499,-5.804919127,1.493655445,0.5216906745,-4.64505,10.95701,-0.45986,50,5.61956,0.00171,-107.96505,-0.68801,-5.37505,22.23949,-19.49507,77ffa04d-b4e1-46e5-8eda-aa2c66651a47,82a4f69c-8739-467e-b412-bf0a60f23d4e,72.25055,Pitching,23360159,,,,,,,,,,,,,,,,,,,,,,,,1813fe9f-aeaf-476f-8218-91ac450ce217,4cb7619b-6685-41a8-8037-7667406ba5fe
30,2026-06-01,13:28:23.16,"Allison, Chris",1000542939,Right,,,,,,Slider,Live,,69.16273,1.826866465,-0.885883089,,,,5.52119,0.93264,4.56926,-62.08243,-1.47985,-7.07472,2.08659,-0.49984,64.47042,-9.430870136,-2.178492549,0.5602952493,3.4123,-1.20852,-0.83448,50,5.65348,1.77493,-100.51898,1.27051,3.53069,14.57053,-33.4245,1b6d5551-690d-4b46-846c-b86549dc78da,82a4f69c-8739-467e-b412-bf0a60f23d4e,67.27246,Pitching,23360159,,,,,,,,,,,,,,,,,,,,,,,,b0a5c618-cf94-4f75-9669-20fea3cfda28,4cb7619b-6685-41a8-8037-7667406ba5fe
31,2026-06-01,13:29:33.95,"Allison, Chris",1000542939,Right,,,,,,Slider,Live,,66.03086,5.309373214,0.01311549544,1848.039475,90.86904333,9:00,5.44184,0.69871,3.84931,-69.77946,0.07828,-8.9753,4.75979,-0.03658,59.97059,-7.33470914,-1.620310991,0.6015595882,4.51463,-1.51621,-0.6903,50,5.98252,0.26479,-95.366,6.63418,4.13722,15.33926,-33.56351,0c593492-e228-4ab1-83ad-678d94a8cec3,82a4f69c-8739-467e-b412-bf0a60f23d4e,62.65786,Pitching,23360159,,,,,,,,,,,,,,,,,,,79.13491867,66.34727691,741.4188233,0.4011920921,8:45,825bf46a-0360-444b-a3ad-0f0149b1b0cd,4cb7619b-6685-41a8-8037-7667406ba5fe
32,2026-06-01,13:29:48.04,"Allison, Chris",1000542939,Right,,,,,,Fastball,Live,,75.89208,-0.18713854,-2.152321843,2000.198525,221.081706,1:15,5.63129,0.68483,5.23627,-34.59054,16.06092,14.04697,2.57275,-0.16826,67.96961,-6.669729911,0.4915335873,0.5122328084,-8.19401,8.57849,-0.49715,50,5.58925,3.71336,-110.09473,-1.4047,-9.8192,23.85401,-21.89411,a81b0fc6-393f-47f4-a8b0-6390ec91de74,82a4f69c-8739-467e-b412-bf0a60f23d4e,73.58459,Pitching,23360159,,,,,,,,,,,,,,,,,,,,33.74825808,1663.138076,0.8314865025,,57861e3f-72ca-4f36-bede-c226f528756d,4cb7619b-6685-41a8-8037-7667406ba5fe
33,2026-06-01,13:30:01.77,"Allison, Chris",1000542939,Right,,,,,,ChangeUp,Live,,72.67737,-2.773050683,-1.192918698,1347.354165,205.2654374,12:45,5.5189,0.71183,,,,,,,,,,,-4.14512,8.85089,-0.59313,50,5.18924,1.95637,-105.26935,-6.4319,-4.5732,20.67139,-22.40909,b3664a0c-1186-4306-968b-fc71b8f91836,82a4f69c-8739-467e-b412-bf0a60f23d4e,,Pitching,23360159,,,,,,,,,,,,,,,,,,,,50.3564701,859.6243469,0.6380091955,,124b5115-c605-40e5-8a4c-5d97b12563c7,4cb7619b-6685-41a8-8037-7667406ba5fe
34,2026-06-01,13:30:19.20,"Allison, Chris",1000542939,Right,,,,,,Slider,Live,,66.89444,1.939372628,-0.8686989145,2034.757654,93.09116725,9:00,5.45029,0.7076,4.42945,-65.96013,0.17318,-4.18649,1.80444,-0.46996,61.45454,-10.08186003,-1.638318697,0.5853040774,1.89203,-0.48081,-0.61163,50,5.59371,1.5983,-97.05146,1.29011,1.7948,15.95595,-32.63015,5301a1e8-12af-4a23-850b-a20f2223b2a9,82a4f69c-8739-467e-b412-bf0a60f23d4e,64.39805,Pitching,23360159,,,,,,,,,,,,,,,,,,,,,,,,1f7cd2f1-dac6-47d3-bb27-cc075f15f24f,4cb7619b-6685-41a8-8037-7667406ba5fe
35,2026-06-01,13:30:40.22,"Allison, Chris",1000542939,Right,,,,,,Fastball,Live,,75.13994,-0.08670345177,-0.9105602554,1909.361824,204.3117426,12:45,5.59937,0.68347,,-31.9031,22.49946,10.18611,2.85698,0.65229,67.46507,-5.896449819,0.9511592331,0.5308613245,-5.41242,11.32248,-0.58718,50,5.55287,1.35615,-108.8159,-1.33396,-6.37681,22.18941,-18.83413,fe51f83a-1eab-4fe2-8346-4ccdae949884,82a4f69c-8739-467e-b412-bf0a60f23d4e,,Pitching,23360159,,,,,,,,,,,,,,,,,,,,31.40361993,1629.674453,0.8535178783,,05139ad2-8f6b-4ea9-b714-a7574e6ca01e,4cb7619b-6685-41a8-8037-7667406ba5fe
36,2026-06-01,13:30:59.61,"Allison, Chris",1000542939,Right,,,,,,Fastball,Live,,74.72125,1.39587378,-1.64175584,1948.94401,207.5255327,1:00,5.66045,0.66344,5.23975,-31.97546,19.70634,10.29701,4.30837,-0.02169,67.44763,-4.578167998,0.2850425762,0.517416428,-5.95525,9.97912,-0.52017,50,5.76549,2.80045,-108.49648,1.6845,-7.01452,21.08032,-20.41992,4a018507-7bf1-4cc9-81e3-a437e05182c5,82a4f69c-8739-467e-b412-bf0a60f23d4e,72.8474,Pitching,23360159,,,,,,,,,,,,,,,,,,,,26.78156669,1739.882402,0.8927308295,,ceb33e2e-eee0-4e37-a9e8-c110bf034ded,4cb7619b-6685-41a8-8037-7667406ba5fe
37,2026-06-01,13:31:22.05,"Allison, Chris",1000542939,Right,,,,,,Fastball,Live,,75.19313,0.08380778714,0.3181523139,1939.36606,195.1482228,12:30,5.61564,0.70669,5.01135,-30.62795,20.5418,5.57277,3.1424,1.47134,68.36552,-5.591047506,1.353973417,0.5148468377,-2.82333,10.73035,-0.74154,50,5.5996,-0.78187,-109.26013,-0.80287,-3.39057,20.4272,-19.28785,fc5d5905-37b1-487a-8827-0190c8052c73,82a4f69c-8739-467e-b412-bf0a60f23d4e,73.21098,Pitching,23360159,,,,,,,,,,,,,,,,,,,,33.52518853,1616.739129,0.8336430974,,f8fb5c94-a56e-4060-aadc-539085f8aa9c,4cb7619b-6685-41a8-8037-7667406ba5fe
38,2026-06-01,13:31:38.12,"Allison, Chris",1000542939,Right,,,,,,ChangeUp,Live,,72.05486,-0.9574442979,-1.764197497,1522.028222,249.5645684,2:15,5.60382,0.83036,4.69744,-51.17467,6.45546,17.43615,0.42995,0.60828,64.80849,-10.40857707,1.495650959,0.5463817519,-9.72167,3.70968,-0.66653,50,5.46321,2.67735,-104.38592,-3.32382,-10.41978,22.25393,-28.19798,343b6490-76b9-48f8-8a23-1183c6c538fa,82a4f69c-8739-467e-b412-bf0a60f23d4e,68.98554,Pitching,23360159,,,,,,,,,,,,,,,,,,,,38.98889471,1183.023716,0.7772679241,,ccad6927-d933-4c36-8702-b50a4739cc89,4cb7619b-6685-41a8-8037-7667406ba5fe
39,2026-06-01,13:31:58.83,"Allison, Chris",1000542939,Right,,,,,,Fastball,Live,,73.76724,1.879756079,0.2171255543,1878.701078,216.3377532,1:15,5.55631,0.96945,4.82541,-36.2077,18.12987,13.36113,4.31971,2.28848,66.0381,-4.862864926,2.709811568,0.5305441429,-6.90311,8.82707,-1.00195,50,5.71268,-0.82268,-106.96614,2.3797,-7.8275,22.11617,-22.16494,32569d9d-c5d8-485a-80ce-056853af915f,82a4f69c-8739-467e-b412-bf0a60f23d4e,71.04487,Pitching,23360159,,,,,,,,,,,,,,,,,,,,34.55183808,1547.323379,0.8236133981,,44106e65-1b6f-4ad6-9a91-0430f8a906cb,4cb7619b-6685-41a8-8037-7667406ba5fe
40,2026-06-01,13:32:26.79,"Allison, Chris",1000542939,Right,,,,,,Fastball,Live,,76.06932,2.229724581,-0.1142929215,2008.865977,207.7611212,1:00,5.6386,0.61652,,-33.66091,19.03618,10.0361,4.97907,1.34293,68.00222,-3.94705672,1.729545732,0.5224740692,-5.12411,8.9029,-0.61412,50,5.85692,-0.14095,-110.12845,3.07837,-6.17343,23.02304,-21.44799,293c6248-2a8a-4495-9b81-a87adb390b2b,82a4f69c-8739-467e-b412-bf0a60f23d4e,,Pitching,23360159,,,,,,,,,,,,,,,,,,,,,,,,eaebbb55-8ce7-41dd-84d0-6de88872f7c0,4cb7619b-6685-41a8-8037-7667406ba5fe
41,2026-06-01,13:35:35.10,"Fritz, Dominik",1000556866,Left,,,,,,Fastball,Live,,70.72094,2.855380546,0.4082555102,1726.34537,148.9821506,11:00,5.22503,-1.20813,5.34135,-39.84506,18.29418,-11.0181,4.5851,-1.74338,63.13811,-4.645026523,-1.66934716,0.5487898586,6.00298,8.74209,1.17902,50,5.45467,-0.42571,-102.55918,4.01222,6.24453,20.65159,-23.08018,83fac6d5-844b-489b-8d80-5cb567eff095,82a4f69c-8739-467e-b412-bf0a60f23d4e,68.68283,Pitching,23360159,,,,,,,,,,,,,,,,,,,,-19.14356524,1630.878189,0.9446998366,,151c2a59-ebe5-4920-8e9b-db450115ab56,4cb7619b-6685-41a8-8037-7667406ba5fe
42,2026-06-01,13:36:06.48,"Fritz, Dominik",1000556866,Left,,,,,,ChangeUp,Live,,63.30084,1.917895297,0.9688108089,997.745451,145.328181,10:45,5.17189,-1.02243,,-61.83745,15.16223,-10.53195,1.86277,-0.969,56.40057,-9.453252637,-0.9828744017,0.6315618213,5.73248,7.00292,0.92378,50,5.32498,-1.23854,-91.53052,1.24949,4.70037,17.71871,-26.43198,b4eea2f6-d01b-4cea-8f69-5922b0481a86,82a4f69c-8739-467e-b412-bf0a60f23d4e,,Pitching,23360159,,,,,,,,,,,,,,,,,,,,-40.18058949,762.2921428,0.7640146512,,ab3a115c-0f9c-4d0a-8946-c49031aeab41,4cb7619b-6685-41a8-8037-7667406ba5fe
43,2026-06-01,13:36:37.21,"Fritz, Dominik",1000556866,Left,,,,,,Fastball,Live,,68.65954,-2.816821094,2.072836389,1788.359276,,,5.12121,-1.13266,,,,,,,,,,,6.78977,7.94371,0.92082,50,4.76915,-3.2193,-99.48663,-6.44692,6.77523,16.61138,-24.24735,c6d7f3e6-1725-4ab8-98e9-f8801a11b9ec,82a4f69c-8739-467e-b412-bf0a60f23d4e,,Pitching,23360159,,,,,,,,,,,,,,,,,,,,-19.9875618,1680.640758,0.9397668469,,877f3e6d-1c7a-423f-b132-a7369e39cb7a,4cb7619b-6685-41a8-8037-7667406ba5fe
44,2026-06-01,13:37:06.25,"Fritz, Dominik",1000556866,Left,,,,,,Fastball,Live,,69.43762,-3.026005201,5.155645305,1876.424779,173.8567898,11:45,5.15271,-0.93187,6.03133,,,,,,,,,,2.75766,10.70939,0.52983,50,4.89359,-9.01635,-100.44702,-6.32521,2.76688,18.99347,-21.42884,988960f3-35ce-47c1-8996-a7752d46f6b1,82a4f69c-8739-467e-b412-bf0a60f23d4e,,Pitching,23360159,,,,,,,,,,,,,,,,,,,,-39.50556896,1447.779472,0.7715627551,,ef072967-43d3-4a16-a8a0-b071e847f19a,4cb7619b-6685-41a8-8037-7667406ba5fe
45,2026-06-01,13:37:33.24,"Fritz, Dominik",1000556866,Left,,,,,,Fastball,Live,,68.07212,0.2954344355,0.3336922594,1747.249955,153.3343104,11:00,5.08305,-1.49644,5.55773,-42.52754,18.99081,-9.56308,1.81508,-1.98163,61.79598,-7.667533279,-1.467537136,0.5645126994,5.21974,10.06147,1.47384,50,5.08104,-0.32768,-98.95165,-0.59543,5.10509,17.78844,-22.3336,0ff4960e-aa49-4b5b-b54a-35d567a63064,82a4f69c-8739-467e-b412-bf0a60f23d4e,66.76987,Pitching,23360159,,,,,,,,,,,,,,,,,,,,-28.85662465,1530.294175,0.8758301415,,3fd5f377-7bd5-455a-bef2-3d9a3e6b28d6,4cb7619b-6685-41a8-8037-7667406ba5fe
46,2026-06-01,13:37:50.42,"Fritz, Dominik",1000556866,Left,,,,,,Sweeper,Live,,59.9248,8.390433333,-1.15934707,1857.238711,284.0874888,3:30,4.95074,-1.3383,,-91.42943,-4.99736,19.19454,5.46957,-0.85509,53.7437,-8.223007411,2.353449304,0.669127471,-10.06236,-5.21088,1.45074,50,5.82271,1.1946,-85.90898,10.08285,-7.41679,13.42537,-36.0149,c6c5b130-52b6-4f88-a79a-8133a902a54f,82a4f69c-8739-467e-b412-bf0a60f23d4e,,Pitching,23360159,,,,,,,,,,,,,,,,,,,328.3946653,-52.37705418,1133.774422,0.6104624112,5:00,337462d1-ab1b-4f69-b3ba-b554ab32d0fa,4cb7619b-6685-41a8-8037-7667406ba5fe
47,2026-06-01,13:38:15.61,"Fritz, Dominik",1000556866,Left,,,,,,Sweeper,Live,,60.11666,3.545655573,2.742146169,1821.777264,270.3138378,3:00,5.17991,-0.85972,4.94927,-82.12771,-0.12391,22.05438,1.69398,3.57089,54.82541,-11.58618962,6.843043965,0.6517610229,-10.62072,-1.29862,0.5765,50,5.45925,-4.71416,-86.95768,3.34902,-7.94086,14.86827,-33.145,61e31596-a97e-4cc6-8edb-a5995bfb0120,82a4f69c-8739-467e-b412-bf0a60f23d4e,57.83169,Pitching,23360159,,,,,,,,,,,,,,,,,,,,-53.12836593,1093.110527,0.6000242448,,70c49949-355f-459b-a081-b1d56b27a2d5,4cb7619b-6685-41a8-8037-7667406ba5fe
48,2026-06-01,13:38:32.02,"Fritz, Dominik",1000556866,Left,,,,,,Fastball,Live,,67.53002,0.7572352874,1.934446553,1822.632467,149.3916531,11:00,5.11306,-0.90687,5.40744,-41.64646,21.1466,-12.55057,2.35235,-0.13988,61.30932,-7.020238834,-0.4194801803,0.5703313248,7.26894,11.00569,0.7435,50,5.15191,-2.98099,-98.09685,0.19475,7.00721,17.06921,-21.56464,ba72808c-72a2-463c-a112-fb1b67904386,82a4f69c-8739-467e-b412-bf0a60f23d4e,66.08867,Pitching,23360159,,,,,,,,,,,,,,,,,,,,-28.54004603,1601.152358,0.8784833951,,20d827b8-f6cd-4733-b8de-b2f3f8a0ea2e,4cb7619b-6685-41a8-8037-7667406ba5fe
49,2026-06-01,13:38:52.64,"Fritz, Dominik",1000556866,Left,,,,,,Fastball,Live,,69.86663,-0.4834202819,4.26945564,1813.448383,149.7630171,11:00,5.04056,-1.22791,5.81394,-40.81032,16.41223,-9.61698,1.189,1.94737,64.44578,-8.079142892,2.471719848,0.5444462435,6.30567,8.94744,0.88389,50,4.97663,-7.32478,-101.44868,-1.91415,6.59852,15.95706,-22.81107,aed514d2-3d07-4b25-89cb-6237c0e63046,82a4f69c-8739-467e-b412-bf0a60f23d4e,69.23078,Pitching,23360159,,,,,,,,,,,,,,,,,,,,-32.39525546,1531.22557,0.8443722932,,7a249df7-083f-4c9d-a299-2b0d150afd50,4cb7619b-6685-41a8-8037-7667406ba5fe
50,2026-06-01,13:39:09.31,"Fritz, Dominik",1000556866,Left,,,,,,ChangeUp,Live,,62.82207,-1.42477062,2.892160395,1048.218188,141.2876718,10:45,5.175,-0.89812,5.52771,,,,,,,,,,5.34307,5.94204,0.6524,50,5.01053,-4.40669,-91.17473,-3.76945,4.43748,15.07701,-27.23912,27c88d6f-a8c2-4c2d-8c62-1d1edbaef62f,82a4f69c-8739-467e-b412-bf0a60f23d4e,,Pitching,23360159,,,,,,,,,,,,,,,,,,,,-23.02498094,964.7112652,0.9203344074,,ceaa88c3-1ca8-4ac7-8734-dca2dae7a3b5,4cb7619b-6685-41a8-8037-7667406ba5fe
51,2026-06-01,13:39:58.41,"Fritz, Dominik",1000556866,Left,,,,,,Fastball,Live,,70.912,2.047307544,3.422904025,1858.418342,144.425419,10:45,5.12721,-0.85522,5.74012,-40.15182,17.05819,-12.26794,3.69147,1.31294,63.18576,-5.567061062,1.093295084,0.5443865841,7.84028,8.48159,0.57793,50,5.27364,-5.82932,-102.77596,2.63999,8.16654,21.18694,-23.33951,4f78cdd3-48eb-4790-b91c-96adaed635ae,82a4f69c-8739-467e-b412-bf0a60f23d4e,69.23837,Pitching,23360159,,,,,,,,,,,,,,,,,,,,-0.7654632134,1858.252494,0.9999107585,,9566aa84-a03e-46e3-8b6f-855c3cb9a1a4,4cb7619b-6685-41a8-8037-7667406ba5fe
52,2026-06-01,13:40:12.30,"Fritz, Dominik",1000556866,Left,,,,,,Fastball,Live,,69.99425,1.978339091,0.7532628306,1813.045059,151.1440494,11:00,5.09217,-0.89907,,-42.20284,20.40031,-11.26696,3.48589,-1.11081,62.82207,-5.721272399,-1.307796658,0.56946823,5.91416,9.61207,0.82325,50,5.27729,-0.95023,-101.32186,2.06962,6.0429,19.19682,-22.35274,421ae3b7-5e86-44ff-a588-bb4a7c732b2c,82a4f69c-8739-467e-b412-bf0a60f23d4e,,Pitching,23360159,,,,,,,,,,,,,,,,,,,,-18.75511183,1716.774991,0.9469014474,,d4f44bfe-8000-4081-8075-b8b35b26948b,4cb7619b-6685-41a8-8037-7667406ba5fe
53,2026-06-01,13:40:30.23,"Fritz, Dominik",1000556866,Left,,,,,,Sweeper,Live,,59.3586,6.610706257,-0.09188375226,1751.902805,280.0743478,3:15,5.03672,-1.48691,,-91.90099,-3.51977,19.24743,3.79654,0.02823,53.5599,-10.03512033,3.422014998,0.676630236,-9.68891,-3.9539,1.47589,50,5.71982,-0.41724,-85.39713,7.2509,-7.02874,13.69362,-35.04238,dd069006-ede4-46b0-95db-b077dcf99715,82a4f69c-8739-467e-b412-bf0a60f23d4e,,Pitching,23360159,,,,,,,,,,,,,,,,,,,,-51.67623145,1086.362873,0.6201045346,,c7b3f720-3594-4325-b3b5-a92f3d9d5163,4cb7619b-6685-41a8-8037-7667406ba5fe
54,2026-06-01,13:40:46.97,"Fritz, Dominik",1000556866,Left,,,,,,ChangeUp,Live,,63.01182,7.140634878,-2.192124574,1200.764916,157.5915908,11:15,4.90306,-0.98502,,-57.72029,20.27793,-8.31299,6.96358,-3.77553,55.31286,-3.536855077,-3.733542442,0.6356437325,3.45851,7.7571,1.23109,50,5.62723,3.69725,-90.46903,9.71563,2.77665,17.04455,-25.94631,96863573-ea4b-4578-9fe6-70343dd6271d,82a4f69c-8739-467e-b412-bf0a60f23d4e,,Pitching,23360159,,,,,,,,,,,,,,,,,,,,-25.35115231,1085.13204,0.9037006545,,0acde95e-f09b-473e-ad78-57ea205e9e35,4cb7619b-6685-41a8-8037-7667406ba5fe
55,2026-06-01,13:41:14.84,"Fritz, Dominik",1000556866,Left,,,,,,Fastball,Live,,70.63584,0.2083610161,3.934963993,1840.797044,162.5528712,11:30,4.98213,-0.95058,,-43.20616,16.08469,-5.08306,1.58084,2.38516,64.67212,-7.664948971,3.00540902,0.5541983651,3.7148,8.18147,0.53792,50,4.96344,-6.87717,-102.34494,-1.01039,3.93479,17.1034,-23.50807,2944ac26-bcc1-4cd2-8e16-a23686c8b006,82a4f69c-8739-467e-b412-bf0a60f23d4e,,Pitching,23360159,,,,,,,,,,,,,,,,,,,,-32.01522868,1560.825102,0.8479072187,,3cfaebdc-44c4-4e8a-8bd0-226f006b100b,4cb7619b-6685-41a8-8037-7667406ba5fe
56,2026-06-01,13:41:42.49,"Fritz, Dominik",1000556866,Left,,,,,,Fastball,Live,,68.07369,-0.6385494796,5.755054003,1780.491601,154.0445916,11:15,5.09724,-0.89891,6.21291,-39.15402,21.15835,-10.36971,1.24219,3.56529,61.99555,-8.016954179,3.796988638,0.5589521135,7.42429,11.76426,0.47216,50,5.02965,-9.69737,-98.59648,-2.00899,7.24318,16.98082,-20.69677,b441160c-06af-4267-829d-e1342a03eab7,82a4f69c-8739-467e-b412-bf0a60f23d4e,67.43411,Pitching,23360159,,,,,,,,,,,,,,,,,,,,-27.22896884,1583.186692,0.8891851501,,154360b6-f3eb-4614-978d-b9911221e5e7,4cb7619b-6685-41a8-8037-7667406ba5fe
57,2026-06-01,13:41:59.18,"Fritz, Dominik",1000556866,Left,,,,,,Sweeper,Live,,60.4615,8.792202733,0.8663604464,1884.376158,266.1663541,2:45,5.12523,-1.32924,4.6652,-81.42583,1.28953,19.36926,6.7573,1.10776,54.09643,-6.199245053,4.450633478,0.6545826141,-9.76248,-2.16092,1.22415,50,5.95667,-1.81538,-86.70604,11.2926,-7.32655,13.72658,-33.79577,9eb55ae6-c9c1-4d6a-95ef-900bce726f30,82a4f69c-8739-467e-b412-bf0a60f23d4e,57.5824,Pitching,23360159,,,,,,,,,,,,,,,,,,,,,,,,68cdabca-8bcf-42f3-b1b2-2bd6821f9a2b,4cb7619b-6685-41a8-8037-7667406ba5fe
58,2026-06-01,13:42:11.45,"Fritz, Dominik",1000556866,Left,,,,,,Sweeper,Live,,60.23721,6.154118286,-1.098961942,1796.60546,290.4909119,3:45,4.97256,-1.18112,,-87.74488,-5.64726,14.76382,3.54712,-0.99788,55.09523,-9.863915958,1.617096799,0.6521337876,-7.90467,-4.6893,1.28259,50,5.53866,1.27071,-86.95452,7.01615,-6.0284,12.63928,-35.75028,b7cc060f-e92d-4c37-b1d2-996a95ca874f,82a4f69c-8739-467e-b412-bf0a60f23d4e,,Pitching,23360159,,,,,,,,,,,,,,,,,,,,,,,,ff71bdbf-1d6b-476b-aef0-7d4f3334b2f5,4cb7619b-6685-41a8-8037-7667406ba5fe
59,2026-06-01,13:42:26.42,"Fritz, Dominik",1000556866,Left,,,,,,ChangeUp,Live,,62.71304,6.632816407,0.9769345049,1271.969359,151.7178579,11:00,5.04857,-1.15883,4.99271,-62.13358,12.67292,-6.81449,6.16143,-0.80435,56.40831,-4.887465464,-0.2911368468,0.6225024361,3.86543,4.60663,1.07032,50,5.63992,-1.36544,-90.48228,8.90481,3.17523,14.32908,-28.38995,89028289-5f79-4258-8574-f04354a423f7,82a4f69c-8739-467e-b412-bf0a60f23d4e,60.54987,Pitching,23360159,,,,,,,,,,,,,,,,,,,,,,,,cf9d7be7-0487-4cde-9956-187e3da0c35b,4cb7619b-6685-41a8-8037-7667406ba5fe
60,2026-06-01,13:42:47.64,"Fritz, Dominik",1000556866,Left,,,,,,Fastball,Live,,70.62991,-2.948672289,6.22134549,1869.090874,151.4014762,11:00,4.97173,-1.05885,6.1011,,,,,,,,,,6.96409,10.18327,0.58436,50,4.72319,-10.89831,-102.07037,-6.25227,7.28964,18.02286,-21.51474,f29d97b8-13b6-48d9-b4a5-5c7d78506e38,82a4f69c-8739-467e-b412-bf0a60f23d4e,,Pitching,23360159,,,,,,,,,,,,,,,,,,,,-24.59355966,1699.532361,0.9092828954,,0e536a14-d682-4ddc-8264-8bd222ff3651,4cb7619b-6685-41a8-8037-7667406ba5fe
61,2026-06-01,14:36:05.54,"Wheeler, Henry",1000414785,Left,,,,,,Fastball,Live,,77.36209,0.537895709,3.039640514,1950.251296,134.0274024,10:30,5.9613,-1.74109,5.84077,-30.80912,16.23221,-16.86513,3.89443,-0.31932,70.12048,-5.266152704,-0.1432589454,0.4936409601,10.02358,8.5943,1.50357,50,5.98714,-5.49189,-112.38892,0.18684,12.70649,22.06216,-21.2794,2fa694a1-aaf1-4380-ba6b-5780aafb6f42,82a4f69c-8739-467e-b412-bf0a60f23d4e,76.35598,Pitching,23360159,,,,,,,,,,,,,,,,,,,,-20.21359176,1830.137434,0.9384110844,,de6651f2-684f-40af-88ed-f78750f85ba8,4cb7619b-6685-41a8-8037-7667406ba5fe
62,2026-06-01,14:36:19.62,"Wheeler, Henry",1000414785,Left,,,,,,Fastball,Live,,81.43973,-0.5122797319,3.860991106,2004.272264,147.8527041,11:00,6.04019,-1.68698,,-25.48137,19.19773,-12.11065,3.43175,0.95626,72.48384,-5.276255083,1.594711699,0.4810869966,7.72785,10.26583,1.32288,50,5.97056,-7.5478,-117.87269,-1.91338,10.59397,27.75148,-18.1008,c1c41e40-8d11-417a-9760-1783f4b871a2,82a4f69c-8739-467e-b412-bf0a60f23d4e,,Pitching,23360159,,,,,,,,,,,,,,,,,,,,0.7042281235,2004.120872,0.9999244654,,23ffffc1-2bac-4e3c-b47e-f7da0b6fd426,4cb7619b-6685-41a8-8037-7667406ba5fe
63,2026-06-01,14:36:31.38,"Wheeler, Henry",1000414785,Left,,,,,,Fastball,Live,,80.63361,-1.173112203,3.083042925,2063.139682,150.9380679,11:00,6.08645,-1.60633,,-24.15136,21.33674,-11.88584,2.96142,0.32491,72.2458,-5.662150578,0.8682120873,0.4854228991,7.24127,11.53521,1.31113,50,5.95048,-5.88629,-116.81155,-3.21908,9.80891,26.0294,-16.54863,de8947ce-1be8-4670-86b9-f9e1e6339592,82a4f69c-8739-467e-b412-bf0a60f23d4e,,Pitching,23360159,,,,,,,,,,,,,,,,,,,,-8.987536885,2037.809165,0.9877223452,,85cdacd5-aa4d-4299-b12d-c43cbc1cad7e,4cb7619b-6685-41a8-8037-7667406ba5fe
64,2026-06-01,14:36:43.62,"Wheeler, Henry",1000414785,Left,,,,,,Fastball,Live,,83.02355,-2.170020901,4.284776189,2052.626756,145.4924228,10:45,6.12381,-1.51693,5.83539,-24.70642,16.48072,-11.35522,2.04166,1.52621,75.04565,-6.816896853,2.142255077,0.4619045703,7.49207,9.58974,1.17414,50,5.93224,-8.67295,-120.32695,-5.31706,10.83755,26.25647,-18.30215,0c20717b-74ce-4279-834b-3ff049648f54,82a4f69c-8739-467e-b412-bf0a60f23d4e,81.60222,Pitching,23360159,,,,,,,,,,,,,,,,,,,,0.3375636254,2052.591132,0.9999826446,,ec60eecb-fac4-497d-9840-27ec0e1ad20d,4cb7619b-6685-41a8-8037-7667406ba5fe
65,2026-06-01,14:36:56.17,"Wheeler, Henry",1000414785,Left,,,,,,Fastball,Live,,77.95226,-1.300140821,3.344539906,2016.643281,134.000029,10:30,5.92676,-1.74269,5.8425,-30.618,15.57999,-16.17465,2.1649,0.02072,71.14328,-7.03840432,0.2993964741,0.4891960628,9.6937,8.77721,1.48003,50,5.80301,-6.15521,-113.22223,-3.44754,12.52496,21.56619,-20.83325,596a9018-250d-4b26-9c70-a70c786c0be1,82a4f69c-8739-467e-b412-bf0a60f23d4e,77.04976,Pitching,23360159,,,,,,,,,,,,,,,,,,,,-16.46925405,1933.90445,0.9589720046,,11b8e119-bb33-4a24-9fd1-57f305c6498c,4cb7619b-6685-41a8-8037-7667406ba5fe
66,2026-06-01,14:37:07.82,"Wheeler, Henry",1000414785,Left,,,,,,Fastball,Live,,78.79409,-1.470820913,3.827214109,2138.316196,152.3959827,11:00,6.09182,-1.54713,5.87838,-25.05922,20.17387,-10.5788,2.63443,1.13047,71.73957,-6.17547119,1.836247581,0.4840603776,6.83408,11.32188,1.24414,50,5.9585,-7.34877,-114.37805,-3.6606,9.00548,22.13606,-17.25485,09207d71-67b9-4045-af18-ef5119e9f11a,82a4f69c-8739-467e-b412-bf0a60f23d4e,77.86723,Pitching,23360159,,,,,,,,,,,,,,,,,,,,-0.07769333828,2138.31423,0.9999990806,,a4b6faba-889b-4937-886c-d57164e1fdda,4cb7619b-6685-41a8-8037-7667406ba5fe
67,2026-06-01,14:37:23.24,"Wheeler, Henry",1000414785,Left,,,,,,Fastball,Live,,79.86688,-0.8262213934,3.19966974,2050.432435,145.0753429,10:45,6.11658,-1.70609,6.10212,-25.73772,18.43163,-12.90713,3.20654,0.18005,71.66417,-5.721391462,0.7389570778,0.4783347046,8.13326,10.34679,1.467,50,6.03972,-6.12794,-115.96696,-2.3828,10.84734,25.8567,-18.37452,b70a560c-3a68-493e-af49-4ca8896a1447,82a4f69c-8739-467e-b412-bf0a60f23d4e,78.7993,Pitching,23360159,,,,,,,,,,,,,,,,,,,,-18.11772633,1948.771109,0.9504195682,,4f55f17a-af29-4559-a699-c1404b2187c7,4cb7619b-6685-41a8-8037-7667406ba5fe
68,2026-06-01,14:37:44.69,"Wheeler, Henry",1000414785,Left,,,,,,Fastball,Live,,79.43564,-2.374493963,3.163528226,2068.850011,144.3281107,10:45,5.90479,-1.89603,,-28.74883,19.05271,-13.69183,1.23885,-0.01571,71.19367,-7.66448242,0.6275522705,0.4976136984,8.13365,10.62476,1.57269,50,5.62545,-5.86444,-114.87963,-5.78923,10.63177,25.62197,-18.28606,0a6d51d8-0e96-4825-9bca-dafdb609526b,82a4f69c-8739-467e-b412-bf0a60f23d4e,,Pitching,23360159,,,,,,,,,,,,,,,,,,,,-18.01495457,1967.426353,0.9509758285,,8594ddac-35a2-476e-a2d8-4c31d2ec2fc0,4cb7619b-6685-41a8-8037-7667406ba5fe
69,2026-06-01,14:37:58.28,"Wheeler, Henry",1000414785,Left,,,,,,Fastball,Live,,79.91891,-1.333539342,3.725930298,2154.608801,146.4530342,11:00,5.89572,-1.95287,,-28.89067,18.36635,-12.21448,2.21672,0.57858,70.99431,-6.697429523,1.450537249,0.4947714095,7.69685,10.01621,1.57815,50,5.73212,-7.10061,-115.53968,-3.69706,10.09992,27.39376,-19.03062,f6c0dbb8-caef-4dba-90fe-7bba16b43bf5,82a4f69c-8739-467e-b412-bf0a60f23d4e,,Pitching,23360159,,,,,,,,,,,,,,,,,,,,0.1671741673,2154.59963,0.9999957434,,c551809c-87f4-4596-8f29-b13147c72f68,4cb7619b-6685-41a8-8037-7667406ba5fe
70,2026-06-01,14:38:10.68,"Wheeler, Henry",1000414785,Left,,,,,,ChangeUp,Live,,70.83055,1.359185641,1.923999981,895.4408898,133.2587383,10:30,5.83895,-1.88847,,-46.70453,10.52595,-11.24942,3.2203,-1.02404,64.09807,-7.384543643,-0.1914925245,0.5444839972,6.61077,5.17097,1.72621,50,5.92754,-3.14547,-102.84725,1.15684,6.97617,19.40693,-26.71725,f9f847b6-2e60-4e22-a13f-4a812dc4e080,82a4f69c-8739-467e-b412-bf0a60f23d4e,,Pitching,23360159,,,,,,,,,,,,,,,,,,,,0.02618235093,895.4407963,0.9999998956,,d5db4e55-e97a-4a77-a9f5-40afb46d2e98,4cb7619b-6685-41a8-8037-7667406ba5fe
71,2026-06-01,14:38:25.02,"Wheeler, Henry",1000414785,Left,,,,,,ChangeUp,Live,,72.01728,-1.85773073,4.078489705,901.7614236,79.03825909,8:45,5.91308,-1.52882,5.73249,,,,,,,,,,5.35301,-0.37242,1.19394,50,5.72393,-7.23708,-104.56175,-4.90442,5.97392,16.30386,-32.58966,69651278-3fb5-41f7-ae39-fe836c96f7fd,82a4f69c-8739-467e-b412-bf0a60f23d4e,,Pitching,23360159,,,,,,,,,,,,,,,,,,,,-29.99145824,781.0155105,0.8660999351,,e9fe6a06-b279-4d84-9441-b94d7deac07e,4cb7619b-6685-41a8-8037-7667406ba5fe
72,2026-06-01,14:38:37.06,"Wheeler, Henry",1000414785,Left,,,,,,ChangeUp,Live,,73.53306,-0.6692888215,4.171314022,884.2822896,96.51160942,9:15,5.96021,-1.6697,,-52.4985,1.89354,-16.90467,0.9478,0.8913,67.58555,-10.24259625,1.060368237,0.53080997,9.93582,1.17139,1.25818,50,5.84539,-7.22276,-106.52349,-2.94402,11.37707,18.88881,-30.83274,28f0459d-709a-4192-a78f-9b04fb74e822,82a4f69c-8739-467e-b412-bf0a60f23d4e,,Pitching,23360159,,,,,,,,,,,,,,,,,,,,-19.96218823,831.152955,0.9399181289,,675fe077-00ba-4292-a6b1-445857e4c4ff,4cb7619b-6685-41a8-8037-7667406ba5fe
73,2026-06-01,14:38:53.77,"Wheeler, Henry",1000414785,Left,,,,,,Fastball,Live,,80.80915,-1.407046801,2.554220286,1928.081603,152.5876888,11:00,6.03999,-1.59875,,-26.55206,20.42711,-10.61562,2.47562,-0.03094,71.70027,-6.300415537,0.5898410229,0.4933147131,6.35256,10.94235,1.3243,50,5.85594,-4.81693,-116.84056,-3.86129,8.52233,28.06914,-17.49425,faca0864-0657-4f97-886b-841eca6459ce,82a4f69c-8739-467e-b412-bf0a60f23d4e,,Pitching,23360159,,,,,,,,,,,,,,,,,,,,-21.05903382,1799.306368,0.9332106921,,c7152566-ce75-4709-ba44-6a5e913b0ba0,4cb7619b-6685-41a8-8037-7667406ba5fe
74,2026-06-01,14:39:06.98,"Wheeler, Henry",1000414785,Left,,,,,,Fastball,Live,,79.4968,-2.071167571,4.574482475,1991.44851,147.4573085,11:00,6.01248,-1.56875,,-27.83738,18.49065,-11.83208,1.71833,1.79941,72.92363,-7.152753338,2.407522261,0.4898840645,7.33077,10.09447,1.1122,50,5.77608,-8.79472,-115.10501,-5.15195,9.86991,20.65656,-18.58318,4c8528ee-559b-4ab3-b648-34a57458d79c,82a4f69c-8739-467e-b412-bf0a60f23d4e,,Pitching,23360159,,,,,,,,,,,,,,,,,,,,-30.41309609,1717.421177,0.8623979826,,ecf9df6d-d124-4e1b-9265-e9b1b930e754,4cb7619b-6685-41a8-8037-7667406ba5fe
75,2026-06-01,14:39:20.94,"Wheeler, Henry",1000414785,Left,,,,,,Slider,Live,,70.62427,-0.6435446493,0.01785414829,2059.464985,307.9527334,4:15,5.85561,-1.59513,5.15926,,,,,,,,,,-6.70061,-5.03202,1.58412,50,5.74511,-0.39261,-102.49713,-3.1013,-6.95347,20.81056,-37.39597,493fdc1f-7fda-4212-aeb9-35c22fe468e4,82a4f69c-8739-467e-b412-bf0a60f23d4e,,Pitching,23360159,,,,,,,,,,,,,,,,,,,,-50.81598995,1301.196768,0.6318130086,,f37d1ad3-5cb7-40ff-bec3-545210f105b2,4cb7619b-6685-41a8-8037-7667406ba5fe
76,2026-06-01,14:39:34.52,"Wheeler, Henry",1000414785,Left,,,,,,Slider,Live,,70.15539,0.626185185,0.6841173339,1982.456949,296.2919819,4:00,5.70257,-1.7339,5.45829,-66.49217,-7.79239,15.67749,0.74768,0.21286,63.9272,-11.75138047,3.64283217,0.5514290623,-8.13766,-4.38079,1.6633,50,5.71349,-1.63951,-101.87455,-0.68081,-8.34894,20.44109,-36.66858,8391a58f-6b03-459b-95c5-c4e8c5797e94,82a4f69c-8739-467e-b412-bf0a60f23d4e,68.3541,Pitching,23360159,,,,,,,,,,,,,,,,,,,,-48.67251776,1309.139117,0.66036194,,93dc2b4e-de25-41d8-b9f0-5a4d8e737ebc,4cb7619b-6685-41a8-8037-7667406ba5fe
77,2026-06-01,14:39:59.94,"Wheeler, Henry",1000414785,Left,,,,,,Slider,Live,,68.9175,3.280732292,-1.087118585,2025.371537,325.2183573,4:45,5.80667,-1.83047,5.41255,-73.7988,-13.57559,9.37317,2.73378,-2.06781,63.28655,-10.42013004,0.6682738624,0.5585387808,-5.30311,-8.19141,1.92056,50,6.04774,1.64453,-100.02375,3.73849,-5.33415,17.20901,-40.4134,2adfe78f-fd23-4ca8-a7c2-ee9bb791a3df,82a4f69c-8739-467e-b412-bf0a60f23d4e,67.48401,Pitching,23360159,,,,,,,,,,,,,,,,,,,,-46.44875093,1395.487313,0.6890031222,,32d86abe-b75e-4fd9-af92-680f362e8f77,4cb7619b-6685-41a8-8037-7667406ba5fe
78,2026-06-01,14:40:15.21,"Wheeler, Henry",1000414785,Left,,,,,,Slider,Live,,69.57668,-0.2482666656,0.9483342669,2013.929972,307.724319,4:15,5.70492,-1.58567,5.5293,,,,,,,,,,-8.54917,-6.80589,1.49267,50,5.63651,-2.11207,-101.05934,-2.35356,-8.6467,19.84889,-39.05758,63a1e79d-459a-445f-805b-238157201ea7,82a4f69c-8739-467e-b412-bf0a60f23d4e,,Pitching,23360159,,,,,,,,,,,,,,,,,,,,-48.84795863,1325.285612,0.6580594311,,63a07924-aab0-4a40-baa1-78d8774c33dd,4cb7619b-6685-41a8-8037-7667406ba5fe
79,2026-06-01,14:40:31.61,"Wheeler, Henry",1000414785,Left,,,,,,Fastball,Live,,82.3953,-0.9946829801,4.514791353,2069.898076,154.8853587,11:15,5.97213,-1.56822,,-25.08075,19.00171,-8.94489,2.9336,1.98655,73.72566,-5.635991939,2.85861081,0.4778639896,6.15966,10.18543,1.11211,50,5.84778,-9.08572,-119.12085,-2.97256,8.67314,27.16032,-17.83242,c6cede63-69a6-46ce-acd4-7c051648acf8,82a4f69c-8739-467e-b412-bf0a60f23d4e,,Pitching,23360159,,,,,,,,,,,,,,,,,,,,-17.16297689,1977.723945,0.9554692419,,228aea4a-06e8-44c2-9d6b-dc86c98c484e,4cb7619b-6685-41a8-8037-7667406ba5fe
80,2026-06-01,14:40:44.51,"Wheeler, Henry",1000414785,Left,,,,,,,Live,,81.94161,-2.258294663,3.485954583,2137.518457,138.7171503,10:30,5.93538,-1.53061,,-26.71678,17.52436,-15.40275,1.54406,0.52385,74.94315,-7.112840844,0.6730975804,0.4787233083,8.80988,9.55233,1.16732,50,5.66354,-6.64668,-118.68987,-5.70134,12.57611,22.56476,-18.53809,334b0b8d-ce35-4311-be44-6fc91f87e592,82a4f69c-8739-467e-b412-bf0a60f23d4e,,Pitching,23360159,,,,,,,,,,,,,,,,,,,,-24.70042718,1941.946338,0.908505062,,f0a4db42-5b29-4105-8a4e-fe1c4c22f18e,4cb7619b-6685-41a8-8037-7667406ba5fe
81,2026-06-01,14:44:52.82,"Wheeler, Owen",1000414786,Right,,,,,,Sinker,Live,,80.49288,0.05326135264,-3.921357407,1839.638113,249.9116387,2:15,5.59469,2.08712,5.82749,-37.00671,6.4441,17.76417,2.56042,-0.08301,73.29739,-6.892479176,-0.5770577558,0.4744280386,-10.73676,3.45715,-1.77735,50,5.57732,7.48614,-116.85142,-0.98221,-14.75174,23.31071,-27.4241,018684b1-8dd3-4ec9-9d22-5977eb084ba7,82a4f69c-8739-467e-b412-bf0a60f23d4e,79.44817,Pitching,23360159,,,,,,,,,,,,,,,,,,,,29.25648798,1604.975111,0.8724406716,,112476cb-dc34-4d91-b6a8-ecd8464c5ad1,4cb7619b-6685-41a8-8037-7667406ba5fe
82,2026-06-01,14:45:07.35,"Wheeler, Owen",1000414786,Right,,,,,,Sinker,Live,,81.41992,-0.9601854332,-4.805295916,1853.869507,228.6061703,1:30,5.64223,2.2887,5.45135,-29.92623,13.29583,15.15233,2.24636,-0.9571,73.95937,-6.538699833,-1.976614831,0.4731775603,-9.48916,7.35708,-1.87463,50,5.53712,9.43616,-117.96403,-2.93312,-13.28244,23.82911,-21.87599,10f1fc61-fd53-433b-a906-d26a09a5b14c,82a4f69c-8739-467e-b412-bf0a60f23d4e,79.65813,Pitching,23360159,,,,,,,,,,,,,,,,,,,,-0.4076890367,1853.822576,0.9999746848,,62ef65ac-796c-4a2a-8b8e-07a5ef3ef584,4cb7619b-6685-41a8-8037-7667406ba5fe
83,2026-06-01,14:45:19.96,"Wheeler, Owen",1000414786,Right,,,,,,Sinker,Live,,82.69315,-2.403097305,-4.311238979,1890.851197,247.7969996,2:15,5.41144,2.133,5.86364,-34.41511,6.49815,15.91252,0.30379,-0.55297,76.1684,-8.80705305,-1.328483554,0.4603662162,-9.74305,4.15468,-1.79285,50,5.19632,8.56162,-119.95824,-6.09044,-14.22757,22.73602,-26.10706,f827df7a-68ff-41be-afc7-0981d9254695,82a4f69c-8739-467e-b412-bf0a60f23d4e,81.8749,Pitching,23360159,,,,,,,,,,,,,,,,,,,,34.47639925,1558.74101,0.8243594275,,645b4c26-68eb-4575-b17e-9015dfc2fb4e,4cb7619b-6685-41a8-8037-7667406ba5fe
84,2026-06-01,14:45:34.16,"Wheeler, Owen",1000414786,Right,,,,,,Sinker,Live,,82.1752,-0.4093014411,-3.233672818,1880.682044,231.1013853,1:45,5.58926,2.13629,5.79961,-29.44165,11.98257,14.90963,2.75454,0.3684,75.21107,-5.920313448,-0.4357868466,0.463232036,-8.90971,6.5542,-1.8797,50,5.53807,6.29369,-119.4306,-1.7509,-12.87438,22.90556,-22.70334,a4920dd7-fd07-4335-8ce7-7b6044be3d60,82a4f69c-8739-467e-b412-bf0a60f23d4e,81.36838,Pitching,23360159,,,,,,,,,,,,,,,,,,,,28.84375958,1647.361782,0.8759384858,,00a6c68c-bead-4562-b540-7ff1a4a0ead8,4cb7619b-6685-41a8-8037-7667406ba5fe
85,2026-06-01,14:45:47.97,"Wheeler, Owen",1000414786,Right,,,,,,Sinker,Live,,81.92046,-2.167614142,-2.996118896,1842.309248,245.51406,2:15,5.53989,2.08564,5.61983,-34.85861,7.19068,15.80741,0.60869,0.60472,75.30923,-8.636972828,-0.03705451681,0.4667138967,-9.28174,4.44774,-1.84037,50,5.33272,5.73243,-118.96326,-5.5985,-13.29489,22.92403,-25.80323,2b622393-c257-4272-8657-6d729c443da4,82a4f69c-8739-467e-b412-bf0a60f23d4e,80.76134,Pitching,23360159,,,,,,,,,,,,,,,,,,,,1.361119627,1841.789421,0.9997178391,,b439186a-fda5-48f1-9cc1-5c06efda875d,4cb7619b-6685-41a8-8037-7667406ba5fe
86,2026-06-01,14:46:17.66,"Wheeler, Owen",1000414786,Right,,,,,,Sinker,Live,,83.40669,-2.233791796,-5.781474133,1836.705988,230.5035315,1:45,5.46954,1.94951,5.83994,-30.21753,10.09056,12.27779,0.86399,-2.41808,76.82845,-7.849850226,-3.493978243,0.4569488157,-8.12278,6.01432,-1.48506,50,5.26906,11.84986,-120.75703,-5.66166,-12.05953,22.31477,-23.24485,a3408d81-5096-4e8f-be9c-c76d94e542ad,82a4f69c-8739-467e-b412-bf0a60f23d4e,82.48722,Pitching,23360159,,,,,,,,,,,,,,,,,,,,29.02416213,1606.043599,0.8744151809,,53137fdd-bc67-488a-bf37-e110ed10860d,4cb7619b-6685-41a8-8037-7667406ba5fe
87,2026-06-01,14:46:30.76,"Wheeler, Owen",1000414786,Right,,,,,,Sinker,Live,,83.64826,-1.085283817,-3.149299619,1899.23462,229.1364044,1:45,5.40776,2.07959,5.9768,-29.27526,10.91302,12.65488,1.96061,0.21226,75.71716,-6.611686357,-0.751286688,0.4562691247,-7.86304,6.26575,-1.83776,50,5.30586,6.30881,-121.48765,-3.17377,-11.59922,26.67956,-22.93109,86b8c20e-7030-495e-baca-43710094c533,82a4f69c-8739-467e-b412-bf0a60f23d4e,82.6101,Pitching,23360159,,,,,,,,,,,,,,,,,,,,34.55454777,1564.184136,0.8235865748,,63874302-085f-4dd3-a907-a0c2caa11ba3,4cb7619b-6685-41a8-8037-7667406ba5fe
88,2026-06-01,14:46:43.84,"Wheeler, Owen",1000414786,Right,,,,,,ChangeUp,Live,,75.89074,-0.2360344972,-3.562230593,1235.679661,251.9698629,2:30,5.38848,1.86986,6.38549,-44.65387,2.84206,8.86311,1.44982,-0.67206,69.95974,-8.644660446,-1.883183026,0.4960204707,-5.85281,1.62573,-1.61794,50,5.35063,6.64742,-110.36356,-1.57919,-7.22173,19.56218,-30.16807,21725c8b-b8fd-4622-9bcf-e45e888e43a5,82a4f69c-8739-467e-b412-bf0a60f23d4e,75.98968,Pitching,23360159,,,,,,,,,,,,,,,,,,,255.6425293,62.40335424,572.4213789,0.4632441537,2:30,69055e16-73a8-4f67-bb8d-75967fdb6208,4cb7619b-6685-41a8-8037-7667406ba5fe
89,2026-06-01,14:46:58.49,"Wheeler, Owen",1000414786,Right,,,,,,ChangeUp,Live,,75.46788,0.4942312584,-2.188830617,1295.027306,263.9323669,2:45,5.46157,1.89164,5.92393,-47.9857,1.31073,12.76594,1.92165,0.92371,68.79772,-8.529009052,0.2276392759,0.505334713,-7.59033,0.55641,-1.72397,50,5.47405,3.84729,-109.7124,-0.35356,-9.14985,21.40106,-31.50332,e2233cc7-c710-4f8a-88d6-c8efdf1005b4,82a4f69c-8739-467e-b412-bf0a60f23d4e,74.58906,Pitching,23360159,,,,,,,,,,,,,,,,,,,,39.45358695,999.9418556,0.7721395921,,00573b86-8094-4ca5-834c-f40f444c44c5,4cb7619b-6685-41a8-8037-7667406ba5fe
90,2026-06-01,14:47:14.69,"Wheeler, Owen",1000414786,Right,,,,,,ChangeUp,Live,,77.86545,-1.018231816,-3.522073861,1195.362356,300.5407792,4:00,5.38015,1.95871,6.29276,-48.35115,-2.70002,4.52796,0.41087,-0.9131,71.50925,-10.10860722,-2.662518826,0.4862920262,-3.54896,-1.17197,-1.70203,50,5.28188,6.84574,-113.14404,-3.27691,-4.56174,22.26695,-33.68046,fcc557ab-1515-45e9-9b3d-6215c7545292,82a4f69c-8739-467e-b412-bf0a60f23d4e,77.50988,Pitching,23360159,,,,,,,,,,,,,,,,,,,,51.37094916,746.2357591,0.624275773,,62b7856a-98ae-4376-abf9-99615a25fcd5,4cb7619b-6685-41a8-8037-7667406ba5fe
91,2026-06-01,14:47:32.71,"Wheeler, Owen",1000414786,Right,,,,,,Sinker,Live,,83.96146,-1.94906075,-4.209328296,1722.312595,238.8027613,2:00,5.4701,1.76325,6.12812,-30.11025,9.48957,15.69392,1.15398,-0.82629,76.44,-7.622425665,-1.238283041,0.4529163114,-9.82259,5.76036,-1.44972,50,5.30534,8.51018,-121.82109,-5.03126,-14.64328,25.71078,-23.58665,3c20f9ff-3bcd-4a42-9186-161c46d5674c,82a4f69c-8739-467e-b412-bf0a60f23d4e,83.22164,Pitching,23360159,,,,,,,,,,,,,,,,,,,,33.76044089,1431.876194,0.8313683581,,35660f8b-af8d-4737-98ca-c4331723a042,4cb7619b-6685-41a8-8037-7667406ba5fe
92,2026-06-01,14:47:49.83,"Wheeler, Owen",1000414786,Right,,,,,,Sweeper,Live,,71.3903,0.8913175932,-0.2926634973,2022.618699,95.84740837,9:15,5.43498,2.17166,5.69923,-53.97165,1.85856,-18.58607,1.76787,0.35014,64.96122,-9.220597122,-3.80407831,0.5377817063,9.90226,0.70672,-2.13578,50,5.47667,1.02323,-103.76222,0.18209,10.60776,20.18208,-31.41698,b37724d0-85e9-4d95-9cbf-a6690d1c5ac9,82a4f69c-8739-467e-b412-bf0a60f23d4e,70.08873,Pitching,23360159,,,,,,,,,,,,,,,,,,,,62.33867449,938.9892055,0.4642443017,,e5175385-ad45-4030-84ef-648ac7f37766,4cb7619b-6685-41a8-8037-7667406ba5fe
93,2026-06-01,14:48:05.47,"Wheeler, Owen",1000414786,Right,,,,,,Sweeper,Live,,72.63921,-1.254907103,-1.919033343,2011.029382,80.22930463,8:45,5.39837,2.07374,,,,,,,,,,,9.12177,-1.2742,-1.8412,50,5.19731,4.16482,-105.1209,-4.3521,9.94205,22.12951,-33.56283,343fb157-5a80-46b1-9416-eef0f085cbe4,82a4f69c-8739-467e-b412-bf0a60f23d4e,,Pitching,23360159,,,,,,,,,,,,,,,,,,,,,,,,4dbdc39f-d2a8-41d0-8384-ba2503c72652,4cb7619b-6685-41a8-8037-7667406ba5fe
94,2026-06-01,14:48:27.39,"Wheeler, Owen",1000414786,Right,,,,,,Sweeper,Live,,70.96451,-0.1719709005,-1.212273638,2057.245991,97.59459654,9:15,5.41307,2.0173,6.03336,-53.17185,2.27736,-17.43925,0.82282,-0.55855,65.24164,-10.12236467,-4.512017984,0.5359435915,9.1035,1.2911,-1.91342,50,5.37103,2.62066,-103.24136,-1.63911,9.7182,18.94063,-30.79576,c3887f1f-21c3-4ffa-b76d-567903d62212,82a4f69c-8739-467e-b412-bf0a60f23d4e,70.32912,Pitching,23360159,,,,,,,,,,,,,,,,,,,,56.82924319,1125.593499,0.5471360762,,4377cc06-9284-44ca-a2e3-6154cad8b350,4cb7619b-6685-41a8-8037-7667406ba5fe
95,2026-06-01,14:48:40.69,"Wheeler, Owen",1000414786,Right,,,,,,Sinker,Live,,82.68368,-1.205133728,-1.963913714,1802.735029,251.158694,2:15,5.59428,1.85401,5.84835,-34.92137,6.02481,17.72514,1.56365,1.50571,75.71301,-7.738732705,1.376080881,0.4605513779,-10.12574,3.59804,-1.70488,50,5.47603,3.58635,-120.23685,-3.58804,-14.75934,24.25065,-26.92952,ad017e16-52c3-4dc6-8f1c-0b42d4606b26,82a4f69c-8739-467e-b412-bf0a60f23d4e,81.84199,Pitching,23360159,,,,,,,,,,,,,,,,,,,,26.57869588,1612.223188,0.894320664,,b8e04c94-e6a7-46e4-9115-eed3047d0f22,4cb7619b-6685-41a8-8037-7667406ba5fe
96,2026-06-01,14:48:56.49,"Wheeler, Owen",1000414786,Right,,,,,,Sinker,Live,,83.75675,,,,,,,,,,,,,,,,,,,,,,,,,,,,,6b1f89d7-502c-40f0-8f03-d3f71d3b0ecd,82a4f69c-8739-467e-b412-bf0a60f23d4e,,Pitching,23360159,,,,,,,,,,,,,,,,,,,,,,,,842bdb26-16d9-4905-985b-40f78a314c78,4cb7619b-6685-41a8-8037-7667406ba5fe
97,2026-06-01,14:49:11.21,"Wheeler, Owen",1000414786,Right,,,,,,Sinker,Live,,83.78387,-2.459218027,-5.167468566,1907.136274,228.6068671,1:30,5.46786,1.79117,6.28479,-26.03502,13.61537,15.46564,1.0215,-1.69473,76.18218,-7.378462933,-2.237306678,0.453205464,-10.0323,8.2041,-1.41759,50,5.27351,10.54375,-121.38943,-5.9654,-14.85357,25.47775,-20.02727,7af2f34c-63aa-4042-aed0-6d406ed116de,82a4f69c-8739-467e-b412-bf0a60f23d4e,83.16854,Pitching,23360159,,,,,,,,,,,,,,,,,,,,40.96895838,1440.011675,0.7550649081,,834fd5c8-a703-4f44-85b6-e9361c13eed0,4cb7619b-6685-41a8-8037-7667406ba5fe
98,2026-06-01,14:49:30.54,"Wheeler, Owen",1000414786,Right,,,,,,ChangeUp,Live,,75.35616,-1.822344048,-3.995363426,1081.409535,305.7417222,4:15,5.31762,1.97029,6.01898,,,,,,,,,,-5.58037,-2.67062,-1.66186,50,5.14475,7.42183,-109.38709,-4.95902,-6.7398,19.87011,-35.39955,87e9167d-f534-4c37-831a-036690cce62a,82a4f69c-8739-467e-b412-bf0a60f23d4e,,Pitching,23360159,,,,,,,,,,,,,,,,,,,,,,,,b64e2d02-f639-4110-a6bf-d6db0eba2c8d,4cb7619b-6685-41a8-8037-7667406ba5fe
99,2026-06-01,14:49:47.22,"Wheeler, Owen",1000414786,Right,,,,,,Sweeper,Live,,68.56425,2.03220839,-1.635610644,2057.636392,102.4879205,9:30,5.52726,1.95904,6.29639,-54.5271,4.24254,-19.28482,2.85713,-1.1553,62.88091,-8.256930821,-5.293518114,0.5517570974,10.07988,1.70952,-1.82974,50,5.65012,3.29094,-99.72784,2.28686,10.06206,17.35657,-30.46755,a5c4e091-e5bf-47ee-990c-0958a3272f89,82a4f69c-8739-467e-b412-bf0a60f23d4e,68.31346,Pitching,23360159,,,,,,,,,,,,,,,,,,,,56.01518097,1150.163647,0.5589732237,,1dc34a4c-b6d6-45da-8373-4629a703e8ca,4cb7619b-6685-41a8-8037-7667406ba5fe
100,2026-06-01,14:50:02.82,"Wheeler, Owen",1000414786,Right,,,,,,Sinker,Live,,81.78431,0.2004461014,-2.939257477,1795.516726,233.1370799,1:45,5.56831,2.0037,5.85476,-30.03223,12.22148,16.3718,3.25209,0.63507,73.8024,-5.471610984,0.1594880028,0.467847018,-9.78692,6.54163,-1.7747,50,5.56725,5.61392,-118.78959,-0.47411,-13.78785,25.73892,-22.95818,33b557d2-3472-4ac9-b002-6328566d8873,82a4f69c-8739-467e-b412-bf0a60f23d4e,80.56574,Pitching,23360159,,,,,,,,,,,,,,,,,,,,26.07908502,1612.711773,0.8981881092,,6807c7da-f906-4acf-ba5e-d0464852938c,4cb7619b-6685-41a8-8037-7667406ba5fe