PitchNo,Date,Time,Pitcher,PitcherId,PitcherThrows,PitcherTeam,PitcherSet,PitchCall,Balls,Strikes,TaggedPitchType,PitchSession,Flag,RelSpeed,VertRelAngle,HorzRelAngle,SpinRate,SpinAxis,Tilt,RelHeight,RelSide,Extension,VertBreak,InducedVertBreak,HorzBreak,PlateLocHeight,PlateLocSide,ZoneSpeed,VertApprAngle,HorzApprAngle,ZoneTime,pfxx,pfxz,x0,y0,z0,vx0,vy0,vz0,ax0,ay0,az0,PlayID,CalibrationId,EffVelocity,PracticeType,Device,Direction,BatterId,Batter,HitSpinRate,HitType,ExitSpeed,BatterSide,Angle,PositionAt110X,PositionAt110Y,PositionAt110Z,Distance,LastTrackedDistance,HangTime,Bearing,ContactPositionX,ContactPositionY,ContactPositionZ,SpinAxis3dTransverseAngle,SpinAxis3dLongitudinalAngle,SpinAxis3dActiveSpinRate,SpinAxis3dSpinEfficiency,SpinAxis3dTilt,PitchUID,SessionId,CustomTags,CustomLabel,TagSet
1,2026-06-27,09:25:07.12,"Moorhouse, Richard",1000582371,Right,,,,,,Sinker,Live,,69.19261,-1.016585668,-0.1962813077,1716.485482,208.5065811,1:00,6.09707,1.51002,4.71624,-41.94433,19.19441,10.45033,1.637,2.19464,63.30955,-8.703006177,1.736047015,0.56276834,-5.47344,10.24806,-1.49923,50,5.95826,0.02926,-100.47631,-3.04701,-5.55864,17.27736,-21.76648,c566505a-d963-4f00-84c8-cc9adfd29fa7,19aede06-c771-4802-9495-1ffc7d8af24a,66.97683,Pitching,23360159,,,,,,,,,,,,,,,,,,,,29.52604625,1493.568523,0.8701317538,,207574d2-57fb-4a50-8dfa-d3608e61176d,e0f7e1f4-1297-4a69-85f8-2d9d8353c09b,,,Pitching Bullpen
2,2026-06-27,09:25:31.07,"Moorhouse, Richard",1000582371,Right,,,,,,Sinker,Live,,72.24412,-1.669328386,-2.426437227,1815.261863,214.6450608,1:15,5.91634,1.37094,4.28828,-40.0676,17.08279,11.8329,0.97906,0.03515,65.98087,-8.953976316,-0.2553763295,0.5441028431,-6.76328,9.21843,-1.11937,50,5.69592,4.04399,-104.70906,-4.38516,-7.45802,18.79496,-22.00868,1231bf56-6524-4f5c-ab76-7b3301c4a827,19aede06-c771-4802-9495-1ffc7d8af24a,69.27448,Pitching,23360159,,,,,,,,,,,,,,,,,,,,29.99704941,1572.109627,0.8660511514,,a25204e5-4e07-402f-a8f9-edfa91363c34,e0f7e1f4-1297-4a69-85f8-2d9d8353c09b,,,Pitching Bullpen
3,2026-06-27,09:25:55.47,"Moorhouse, Richard",1000582371,Right,,,,,,Sinker,Live,,73.649,-2.64346751,-1.867218504,1802.044114,184.1014607,12:15,5.85236,1.04888,5.1573,-27.32319,26.02589,1.86822,1.08441,-0.55341,66.97425,-7.697879384,-1.518777892,0.5256962245,-1.5546,14.51589,-0.87614,50,5.58522,3.42728,-106.84879,-5.75575,-1.78013,20.0435,-15.55232,2f8ab8c8-149a-4a36-96f4-683d0e4188d4,19aede06-c771-4802-9495-1ffc7d8af24a,71.70004,Pitching,23360159,,,,,,,,,,,,,,,,,,,,28.2433415,1587.503082,0.880945738,,c5dff8ba-8146-49ea-9802-5a59e6eb14bd,e0f7e1f4-1297-4a69-85f8-2d9d8353c09b,,,Pitching Bullpen
4,2026-06-27,09:26:16.75,"Moorhouse, Richard",1000582371,Right,,,,,,Sinker,Live,,72.6333,3.791876796,-0.1491738503,1825.474689,185.1682898,12:15,5.83963,1.00604,,-34.925,23.80559,2.15294,6.59675,1.04138,64.39863,-2.609158573,0.2458698061,0.551573757,-1.13565,10.66556,-0.99087,50,6.24806,0.19773,-104.91059,5.72982,-1.23581,21.65207,-20.56782,3275c5b7-49d2-43b0-8d3c-79f8a0c20938,19aede06-c771-4802-9495-1ffc7d8af24a,,Pitching,23360159,,,,,,,,,,,,,,,,,,,,27.62299243,1617.402685,0.8860175901,,e5604797-c9da-47fe-a6cc-8640dd83f081,e0f7e1f4-1297-4a69-85f8-2d9d8353c09b,,,Pitching Bullpen
5,2026-06-27,09:26:36.55,"Moorhouse, Richard",1000582371,Right,,,,,,Sinker,Live,,74.20006,-2.040308583,-1.968209666,1951.529732,216.0217274,1:15,5.66792,1.19838,5.21106,-36.08238,16.86254,12.28176,0.74076,0.37057,66.94348,-8.753630287,0.3388500457,0.5237011944,-7.16531,9.61421,-1.02559,50,5.45322,3.33298,-107.60531,-4.90777,-8.2283,22.25537,-21.13355,25a3bca4-1323-4564-96a9-7c98c50e247f,19aede06-c771-4802-9495-1ffc7d8af24a,71.97318,Pitching,23360159,,,,,,,,,,,,,,,,,,,,30.31306929,1684.717454,0.8632804443,,ffeed391-0767-4bff-a759-57d60310a301,e0f7e1f4-1297-4a69-85f8-2d9d8353c09b,,,Pitching Bullpen
6,2026-06-27,09:27:03.80,"Moorhouse, Richard",1000582371,Right,,,,,,Fastball,Live,,72.49485,0.04554855543,-0.2875550143,1906.151113,194.163372,12:30,5.78939,1.09673,5.23212,-37.56404,17.06815,4.31885,2.70186,1.18637,66.02658,-6.934734109,0.5189222786,0.5319804786,-2.36577,8.99511,-1.07344,50,5.76619,0.40228,-105.37043,-1.01695,-2.63967,19.16949,-22.13749,0a0e54b8-e73b-44ab-b207-d8f9de3f2bcd,19aede06-c771-4802-9495-1ffc7d8af24a,70.85305,Pitching,23360159,,,,,,,,,,,,,,,,,,,,41.53005723,1426.959989,0.7486080089,,c0ecb59e-b2a8-47ad-9a1e-f504a57fa8b8,e0f7e1f4-1297-4a69-85f8-2d9d8353c09b,,,Pitching Bullpen
7,2026-06-27,09:27:40.42,"Moorhouse, Richard",1000582371,Right,,,,,,Fastball,Live,,73.65931,-3.781016152,-3.360528632,2022.795779,199.1589619,12:45,5.68191,1.15053,5.59408,,,,,,,,,,-4.41002,11.19409,-0.86687,50,5.33604,6.08387,-106.83793,-7.99892,-5.14044,16.94415,-19.12592,d0a028d4-52f4-403b-bafe-fbc4f4a417ae,19aede06-c771-4802-9495-1ffc7d8af24a,,Pitching,23360159,,,,,,,,,,,,,,,,,,,,29.20794613,1765.606215,0.8728544095,,470362e4-3c52-490e-9b31-6ff577d85577,e0f7e1f4-1297-4a69-85f8-2d9d8353c09b,,,Pitching Bullpen
8,2026-06-27,09:28:07.94,"Moorhouse, Richard",1000582371,Right,,,,,,Cutter,Live,,70.2575,1.168617581,-2.289998449,1770.173041,189.6300867,12:15,5.92493,1.04255,5.29473,-39.52362,18.04954,3.07299,3.72938,-0.85228,64.5204,-6.152657696,-1.719319412,0.5461116065,-2.23615,9.20763,-0.83666,50,6.00272,3.99628,-102.11344,0.9636,-2.36887,16.29362,-22.41993,2f71b256-3244-4fc4-b926-6853a7308b96,19aede06-c771-4802-9495-1ffc7d8af24a,69.01966,Pitching,23360159,,,,,,,,,,,,,,,,,,,,35.67049274,1438.060153,0.8123839422,,636a2676-1edd-4511-943b-0effe355d55d,e0f7e1f4-1297-4a69-85f8-2d9d8353c09b,,,Pitching Bullpen
9,2026-06-27,09:28:29.54,"Moorhouse, Richard",1000582371,Right,,,,,,Cutter,Live,,69.20654,1.905830204,-0.7956234668,1880.528743,201.6025866,12:45,5.78971,1.30399,4.39174,-53.74419,7.76118,3.09274,3.13104,0.80222,63.56446,-7.889055956,-0.229075819,0.5644531633,-1.79994,3.4443,-1.22214,50,5.94149,1.29726,-100.46238,1.64247,-1.84153,16.10796,-28.65015,87ead814-b5ef-448c-8f6c-a1bdb967f2b6,19aede06-c771-4802-9495-1ffc7d8af24a,66.77691,Pitching,23360159,,,,,,,,,,,,,,,,,,,181.0249629,58.73143775,976.0888176,0.5190501987,12:00,aced3759-69cd-4b7a-930c-310a977adcc2,e0f7e1f4-1297-4a69-85f8-2d9d8353c09b,,,Pitching Bullpen
10,2026-06-27,09:28:57.43,"Moorhouse, Richard",1000582371,Right,,,,,,Cutter,Live,,71.31854,-0.1848232617,-1.631269821,1813.284257,193.6087324,12:30,5.71449,1.23063,5.24795,-36.66933,19.52021,4.73872,2.48499,0.0924,65.26856,-6.980935939,-0.7488583749,0.5395095525,-2.96341,10.34751,-1.08455,50,5.67084,2.8154,-103.66485,-1.39349,-3.2174,17.6978,-20.93969,5aa0e153-2f33-4b8c-b723-2764b7851afe,19aede06-c771-4802-9495-1ffc7d8af24a,69.86427,Pitching,23360159,,,,,,,,,,,,,,,,,,,,52.44768851,1105.170485,0.609485513,,136f180e-2deb-48c1-a0b5-a55f9dedf6b8,e0f7e1f4-1297-4a69-85f8-2d9d8353c09b,,,Pitching Bullpen
11,2026-06-27,09:31:42.65,"Moorhouse, Richard",1000582371,Right,,,,,,Cutter,Live,,69.26546,1.542135702,-1.836835167,1776.711448,170.7662402,11:45,5.90588,1.41754,4.40903,-45.57525,16.64008,-2.71363,3.5806,-0.56195,62.61801,-6.832495511,-2.337157622,0.5677016119,0.81089,8.05691,-1.2197,50,6.02703,3.30434,-100.39628,1.28247,0.81647,18.29955,-24.0617,eadbce9e-6128-42fe-a42f-3cdb79355a71,19aede06-c771-4802-9495-1ffc7d8af24a,66.39481,Pitching,23360159,,,,,,,,,,,,,,,,,,,,36.86176628,1421.520433,0.8000851434,,3195c5e4-2147-4dd6-ade0-5633ce0479a9,e0f7e1f4-1297-4a69-85f8-2d9d8353c09b,,,Pitching Bullpen
12,2026-06-27,09:32:18.68,"Moorhouse, Richard",1000582371,Right,,,,,,Cutter,Live,,70.93628,-2.397928572,-1.01216816,1932.193222,191.0966894,12:15,5.76803,1.31844,4.64634,-37.92544,21.05572,4.13577,0.32766,0.70135,64.28654,-9.358309366,-0.2442529324,0.5527491227,-2.47475,11.69854,-1.21866,50,5.48976,1.68878,-102.81586,-5.47744,-2.60449,19.72206,-19.8622,40679684-0079-41d5-9b30-570cb0bd9dd6,19aede06-c771-4802-9495-1ffc7d8af24a,68.19086,Pitching,23360159,,,,,,,,,,,,,,,,,,,,41.96908454,1436.596798,0.7435057645,,2c17706d-17cf-4135-a2d9-609d021af116,e0f7e1f4-1297-4a69-85f8-2d9d8353c09b,,,Pitching Bullpen
13,2026-06-27,09:32:40.49,"Moorhouse, Richard",1000582371,Right,,,,,,Sinker,Live,,71.94579,0.003525398679,-1.820939502,1825.594344,193.3435599,12:30,5.87218,1.1148,5.25141,-32.88705,22.94109,5.45527,3.1349,-0.14198,64.96848,-6.136869127,-0.7989292763,0.5377717763,-3.46901,12.13685,-0.95191,50,5.84882,3.16413,-104.46912,-0.94101,-3.77855,19.96267,-18.95421,d3a5362a-5a51-44a6-a4e4-20e418159962,19aede06-c771-4802-9495-1ffc7d8af24a,70.09003,Pitching,23360159,,,,,,,,,,,,,,,,,,,,29.49945504,1588.924986,0.8703603795,,43ab5271-6b36-4de8-95be-c224ae3a59d0,e0f7e1f4-1297-4a69-85f8-2d9d8353c09b,,,Pitching Bullpen
14,2026-06-27,09:32:57.99,"Moorhouse, Richard",1000582371,Right,,,,,,Slider,Live,,66.17215,4.638597833,-0.5868062311,1817.414063,84.04267918,8:45,5.62714,1.32751,3.97827,-70.30224,-1.15938,-10.60796,4.23976,-0.12086,60.26543,-8.120233087,-2.521422776,0.5984736833,5.18349,-1.95529,-1.24939,50,6.08106,1.31447,-95.67487,5.54583,4.77682,15.55813,-33.97593,32641ece-e00a-4fb3-ba95-682194758e9f,19aede06-c771-4802-9495-1ffc7d8af24a,62.98095,Pitching,23360159,,,,,,,,,,,,,,,,,,,,,,,,9def9351-c3e5-4d1d-8a92-5b1c78885282,e0f7e1f4-1297-4a69-85f8-2d9d8353c09b,,,Pitching Bullpen
15,2026-06-27,09:33:34.99,"Moorhouse, Richard",1000582371,Right,,,,,,Slider,Live,,67.32015,2.694170466,-0.6890724198,,,,5.80334,1.28747,4.20489,-60.12552,5.83495,-2.04668,3.37541,0.4569,61.4272,-8.263194639,-1.064062372,0.5845387225,0.83819,2.17356,-1.20972,50,6.03917,1.23766,-97.57959,2.71052,0.80332,16.21347,-30.0909,accd9c24-5b36-4b6d-aed9-6c715a18525f,19aede06-c771-4802-9495-1ffc7d8af24a,64.48236,Pitching,23360159,,,,,,,,,,,,,,,,,,,,,,,,b7f4aec2-87c3-4be5-9349-c991a7c1eb32,e0f7e1f4-1297-4a69-85f8-2d9d8353c09b,,,Pitching Bullpen
16,2026-06-27,09:34:19.88,"Moorhouse, Richard",1000582371,Right,,,,,,Slider,Live,,63.42922,1.331720949,-2.345052689,1926.62984,71.05335338,8:15,5.83373,1.10551,4.89822,-75.46881,-3.15528,-9.04592,0.80534,-1.86724,58.8855,-12.43256278,-4.017324144,0.6120419261,4.02669,-2.03674,-0.86878,50,5.90248,4.01357,-92.05637,0.10865,3.43637,14.36762,-33.9122,4e9f9465-83d6-4265-9e91-0651061ed490,19aede06-c771-4802-9495-1ffc7d8af24a,61.58473,Pitching,23360159,,,,,,,,,,,,,,,,,,,,63.10848206,871.4198453,0.4523026828,,bf8a8b4e-7466-4829-bc73-12ca4db403b8,e0f7e1f4-1297-4a69-85f8-2d9d8353c09b,,,Pitching Bullpen
17,2026-06-27,09:34:46.15,"Moorhouse, Richard",1000582371,Right,,,,,,Slider,Live,,63.46288,2.174018284,-0.5771248936,2003.100727,50.08865512,7:45,5.74582,1.30925,4.40459,-84.81648,-9.95061,-11.81885,0.75356,-0.22642,57.93588,-13.31108719,-2.769253592,0.6227494271,5.88543,-5.88592,-1.23683,50,5.898,1.26055,-91.90478,1.08649,4.91078,16.72254,-37.08524,459637de-3e7c-4f15-a2c8-0d9d202b35c8,19aede06-c771-4802-9495-1ffc7d8af24a,60.52585,Pitching,23360159,,,,,,,,,,,,,,,,,,,,,,,,faadd772-96b9-4784-abd2-0a4de8914b1e,e0f7e1f4-1297-4a69-85f8-2d9d8353c09b,,,Pitching Bullpen
18,2026-06-27,09:35:16.53,"Moorhouse, Richard",1000582371,Right,,,,,,Fastball,Live,,71.54247,-0.8448921639,1.857160201,1982.188579,204.6542837,12:45,5.83704,1.45942,5.21132,-39.00813,16.74393,7.71141,1.79151,3.84879,65.95083,-8.027921451,3.287193745,0.5374052182,-3.54945,9.04211,-1.63657,50,5.73017,-3.59725,-103.99171,-2.67419,-3.89268,17.19382,-22.25757,ff2fcda1-6644-4dc8-8a47-e354ebf3f730,19aede06-c771-4802-9495-1ffc7d8af24a,70.13784,Pitching,23360159,,,,,,,,,,,,,,,,,,,,44.01602655,1425.481928,0.719145465,,05837d9b-fcbc-4148-ae36-f6961233bd50,e0f7e1f4-1297-4a69-85f8-2d9d8353c09b,,,Pitching Bullpen
19,2026-06-27,09:35:34.76,"Moorhouse, Richard",1000582371,Right,,,,,,Sinker,Live,,71.47837,0.03708158835,-3.866341332,1858.484184,192.1007217,12:30,5.6569,1.11103,5.4266,-35.56782,20.59566,4.43578,2.72772,-2.14551,64.85267,-6.597910055,-3.037072511,0.5393844289,-3.55034,10.94172,-0.77126,50,5.63602,6.88265,-103.67131,-0.92519,-3.82435,18.98783,-20.38785,a970bc0d-69f1-42c4-9b1d-21e0478a9eff,19aede06-c771-4802-9495-1ffc7d8af24a,69.88047,Pitching,23360159,,,,,,,,,,,,,,,,,,,,24.54973364,1690.479012,0.9096009678,,e210eee5-f6fa-4710-97f9-cbe0d0a2f9a1,e0f7e1f4-1297-4a69-85f8-2d9d8353c09b,,,Pitching Bullpen
20,2026-06-27,09:36:51.63,"Moorhouse, Richard",1000582371,Right,,,,,,ChangeUp,Live,,69.32142,-4.583360533,-2.285203995,1642.889454,,,5.75648,1.43883,5.05595,,,,,,,,,,-8.98585,11.14536,-1.23373,50,5.28707,3.55361,-100.27819,-9.25764,-9.02496,18.28049,-20.98019,82757767-e518-411b-93b1-edc1819e96a0,19aede06-c771-4802-9495-1ffc7d8af24a,,Pitching,23360159,,,,,,,,,,,,,,,,,,,,32.34446995,1387.989968,0.8448468427,,245e0f05-b83b-4c6e-9fac-73de362dd872,e0f7e1f4-1297-4a69-85f8-2d9d8353c09b,,,Pitching Bullpen
21,2026-06-27,09:37:38.57,"Moorhouse, Richard",1000582371,Right,,,,,,ChangeUp,Live,,66.17598,0.5782539396,-2.052590966,1603.690392,204.0651448,12:45,5.91746,1.17843,5.54496,-44.06029,20.79596,9.31847,2.78645,0.03621,60.36015,-7.648762753,-0.3037213244,0.5796252519,-5.58862,10.92524,-1.00697,50,5.93873,3.20969,-96.17207,-0.14982,-5.19478,15.96129,-22.01874,7970effc-a251-4b27-bac4-52e4ed843435,19aede06-c771-4802-9495-1ffc7d8af24a,65.02898,Pitching,23360159,,,,,,,,,,,,,,,,,,,,32.52400325,1352.177659,0.8431662778,,c4cd7db2-ec8b-4a26-a249-f427ac7ca670,e0f7e1f4-1297-4a69-85f8-2d9d8353c09b,,,Pitching Bullpen
22,2026-06-27,09:38:40.30,"Moorhouse, Richard",1000582371,Right,,,,,,ChangeUp,Live,,66.96971,-0.1617363857,-5.137125735,1673.498023,206.112531,12:45,5.89695,0.96121,5.636,-44.39074,19.17249,9.46048,2.04624,-3.05526,61.07562,-8.437717099,-3.367183647,0.5738183237,-6.61969,10.31609,-0.53001,50,5.85517,8.48242,-97.01189,-1.39651,-6.25702,16.33321,-22.42314,6526e699-e2ea-40fb-a67f-6e9408e914c5,19aede06-c771-4802-9495-1ffc7d8af24a,65.68706,Pitching,23360159,,,,,,,,,,,,,,,,,,,,32.04710064,1418.477314,0.8476121835,,6c53c276-0930-4040-8867-7dd608971a3f,e0f7e1f4-1297-4a69-85f8-2d9d8353c09b,,,Pitching Bullpen
23,2026-06-27,09:39:17.62,"Moorhouse, Richard",1000582371,Right,,,,,,Sinker,Live,,70.7186,1.017286475,-2.281529431,1699.739452,198.4839099,12:30,5.75261,1.08466,5.39816,-35.7963,21.53051,7.21956,3.7236,-0.45254,64.00711,-5.678119033,-0.9281960964,0.5449420064,-4.54365,11.12546,-0.8864,50,5.8187,3.89115,-102.6948,0.83165,-4.79893,18.75028,-20.42349,9d792185-2b52-4100-adf3-91cda367d140,19aede06-c771-4802-9495-1ffc7d8af24a,69.1678,Pitching,23360159,,,,,,,,,,,,,,,,,,,,15.27953043,1639.65643,0.9646516285,,6d966769-f19e-4607-b9fc-abc14340c94d,e0f7e1f4-1297-4a69-85f8-2d9d8353c09b,,,Pitching Bullpen
24,2026-06-27,09:39:54.93,"Moorhouse, Richard",1000582371,Right,,,,,,Cutter,Live,,65.04331,4.195520214,-2.946002356,1486.785824,150.0508082,11:00,5.81003,1.13042,5.27553,-63.54691,4.555,-2.64781,4.46676,-1.85926,59.37588,-7.590012326,-3.438517461,0.5939515873,0.54134,1.18241,-0.85972,50,6.14794,4.91649,-94.19274,5.26128,0.48419,14.89888,-31.11647,4f482923-de8c-4e57-8b6d-77b1f953d431,19aede06-c771-4802-9495-1ffc7d8af24a,63.46046,Pitching,23360159,,,,,,,,,,,,,,,,,,,,,,,,5e0dc1d5-4f46-476a-8085-0fd9e48fed08,e0f7e1f4-1297-4a69-85f8-2d9d8353c09b,,,Pitching Bullpen
25,2026-06-27,09:40:41.63,"Moorhouse, Richard",1000582371,Right,,,,,,Slider,Live,,61.39061,3.217924169,-1.678857014,1762.065393,70.71257513,8:15,5.74466,1.1437,,-83.43423,-3.33909,-9.38415,1.89022,-1.25288,56.64943,-11.82214408,-3.389087238,0.644131437,4.24514,-2.64045,-0.94313,50,6.0217,2.87932,-88.87858,2.56043,3.37473,13.47204,-34.27311,d8dba9f2-3f56-40c3-8311-aa627332e1fd,19aede06-c771-4802-9495-1ffc7d8af24a,,Pitching,23360159,,,,,,,,,,,,,,,,,,,,,,,,4390faa5-0153-4c7c-8414-fb9db638bde0,e0f7e1f4-1297-4a69-85f8-2d9d8353c09b,,,Pitching Bullpen
26,2026-06-27,09:41:02.20,"Moorhouse, Richard",1000582371,Right,,,,,,Fastball,Live,,70.85738,0.3301155233,0.7288252424,1857.96259,194.9653914,12:30,5.80284,1.12883,5.02629,-35.42681,21.95842,5.88258,3.16208,2.30669,64.76064,-6.216809652,1.81996023,0.5452195619,-2.87064,11.39674,-1.20306,50,5.80658,-1.48459,-102.98847,-0.45727,-3.07563,17.49376,-19.96347,fb37e1c0-0f0e-402d-ba69-adfbcdd770dd,19aede06-c771-4802-9495-1ffc7d8af24a,69.13259,Pitching,23360159,,,,,,,,,,,,,,,,,,,,31.78061535,1579.399982,0.8500709272,,27771518-5253-42db-863a-565dc8c294c5,e0f7e1f4-1297-4a69-85f8-2d9d8353c09b,,,Pitching Bullpen
27,2026-06-27,09:41:20.03,"Moorhouse, Richard",1000582371,Right,,,,,,Sinker,Live,,70.63389,1.893447459,-0.6730098379,1776.146158,192.920308,12:30,5.79529,1.32011,4.77954,-40.67963,18.80349,4.32329,4.20063,1.04251,63.11846,-5.683863525,0.1343277246,0.5550962102,-2.48804,9.15261,-1.25654,50,5.95043,1.07286,-102.39031,2.16294,-2.57999,20.56275,-22.68319,02171aa5-f3fd-44cd-b1e9-0e0ae370639c,19aede06-c771-4802-9495-1ffc7d8af24a,67.90253,Pitching,23360159,,,,,,,,,,,,,,,,,,,,20.62295178,1662.32808,0.9359185185,,b37cad4b-a718-44dc-9949-d3de11e499e6,e0f7e1f4-1297-4a69-85f8-2d9d8353c09b,,,Pitching Bullpen
28,2026-06-27,09:41:45.71,"Moorhouse, Richard",1000582371,Right,,,,,,Sinker,Live,,71.6279,2.085002459,-1.575477483,1775.914661,198.0423591,12:30,5.84351,1.29581,4.77574,-35.32221,21.64374,7.06594,4.87783,0.39099,64.96568,-4.440682434,-0.2683236113,0.5432241489,-4.13104,10.62253,-1.14439,50,6.02199,2.64015,-103.94129,2.69239,-4.49454,18.31488,-20.61681,fb40e969-c7b8-44a4-b17f-19bb7a822043,19aede06-c771-4802-9495-1ffc7d8af24a,69.38653,Pitching,23360159,,,,,,,,,,,,,,,,,,,,27.52093445,1574.955821,0.8868420625,,41771b72-5a88-4b56-99ec-69931276e5d5,e0f7e1f4-1297-4a69-85f8-2d9d8353c09b,,,Pitching Bullpen
29,2026-06-27,10:08:27.24,"Lavine, Justin",1000371707,Right,,,,,,Sinker,Live,,73.84645,0.5295582042,-4.447285222,1594.136855,236.0637857,1:45,5.34399,1.96718,4.55939,-42.31899,11.93877,17.88191,2.32287,-0.78322,67.16735,-7.230089752,-1.159605953,0.5301543467,-10.52149,5.99478,-1.52144,50,5.36071,7.7286,-106.90653,-0.39611,-12.11015,19.36905,-25.2741,6ffa2c7d-e036-4656-be73-c525087e06d1,19aede06-c771-4802-9495-1ffc7d8af24a,71.0971,Pitching,23360159,,,,,,,,,,,,,,,,,,,,34.45103196,1314.541142,0.8246099686,,41871870-9e15-4212-bfd4-dbb571b0d9b1,e0f7e1f4-1297-4a69-85f8-2d9d8353c09b,,,Pitching Bullpen
30,2026-06-27,10:08:41.65,"Lavine, Justin",1000371707,Right,,,,,,Sinker,Live,,73.64369,1.154187101,-3.483600462,1672.796036,233.4720306,1:45,5.23714,1.90975,4.69791,-41.23134,12.76295,17.34854,2.8989,0.04482,67.15483,-6.422906302,-0.2873745431,0.5288655928,-9.96406,6.27307,-1.57174,50,5.31831,5.94103,-106.77543,0.82675,-11.4789,18.74762,-24.94729,4d55507f-3870-4598-9a23-a31c8ed298ff,19aede06-c771-4802-9495-1ffc7d8af24a,71.27036,Pitching,23360159,,,,,,,,,,,,,,,,,,,,29.20217315,1460.189636,0.8729035728,,70770469-8b4e-44fc-ba15-110faafd11a0,e0f7e1f4-1297-4a69-85f8-2d9d8353c09b,,,Pitching Bullpen
31,2026-06-27,10:09:00.27,"Lavine, Justin",1000371707,Right,,,,,,Sinker,Live,,75.30301,1.350194913,-4.844471403,1698.734363,236.5891283,2:00,5.16567,2.28353,,-42.92177,11.44285,17.5262,2.9005,-0.9556,67.92826,-6.419639531,-1.668708386,0.5306761528,-10.24574,5.30013,-1.72196,50,5.27803,8.56239,-108.71074,0.97646,-12.1384,20.83732,-25.89484,7c74e203-a150-4ce6-88eb-9236cd8c3b18,19aede06-c771-4802-9495-1ffc7d8af24a,,Pitching,23360159,,,,,,,,,,,,,,,,,,,,26.31772803,1522.65935,0.8963492957,,90d9b7dd-f6dd-428e-a5d8-c2f8bd6db3d0,e0f7e1f4-1297-4a69-85f8-2d9d8353c09b,,,Pitching Bullpen
32,2026-06-27,10:09:20.63,"Lavine, Justin",1000371707,Right,,,,,,ChangeUp,Live,,68.7266,2.640021626,-3.215000171,1679.958089,276.5830156,3:15,4.88525,2.71738,,-68.95115,-2.67844,22.2434,1.71472,1.43856,62.14794,-9.768506791,0.8176780773,0.5859205704,-12.05969,-2.18722,-2.34186,50,5.1304,4.79665,-99.21839,2.17486,-11.82585,18.28563,-34.31885,d04d362a-a225-45b0-ad2d-e52ad0cead10,19aede06-c771-4802-9495-1ffc7d8af24a,,Pitching,23360159,,,,,,,,,,,,,,,,,,,,28.11601276,1481.714963,0.8819951953,,7e21f340-112a-405d-80fb-e0556002d81e,e0f7e1f4-1297-4a69-85f8-2d9d8353c09b,,,Pitching Bullpen
33,2026-06-27,10:09:37.44,"Lavine, Justin",1000371707,Right,,,,,,ChangeUp,Live,,68.96216,2.209316771,-4.308915262,1643.389417,266.6085894,3:00,5.08135,2.20823,4.89522,-61.32573,0.88678,16.69088,2.06727,-0.48367,62.25092,-9.149508286,-1.201434784,0.5676887265,-10.1617,-0.27118,-1.79951,50,5.2486,7.03218,-99.73361,2.08595,-10.04727,18.78449,-32.44218,7c7dc12c-a37c-4c41-913a-1fbae97db9be,19aede06-c771-4802-9495-1ffc7d8af24a,66.39631,Pitching,23360159,,,,,,,,,,,,,,,,,,,,1.095596273,1643.08898,0.9998171847,,80eb1be1-8711-433c-be41-202ea930c8f2,e0f7e1f4-1297-4a69-85f8-2d9d8353c09b,,,Pitching Bullpen
34,2026-06-27,10:09:52.70,"Lavine, Justin",1000371707,Right,,,,,,ChangeUp,Live,,67.93979,2.197748872,-3.629051033,1512.4139,260.221619,2:45,5.08781,2.19186,4.71794,-61.58986,2.97168,17.82935,2.04584,0.22966,61.22281,-9.190469983,-0.3125023044,0.5783068385,-10.50205,0.80081,-1.84042,50,5.2576,5.71397,-98.28636,1.98418,-10.06226,18.55867,-31.40677,9210fe6b-a881-4c89-983c-fe11d1fc537a,19aede06-c771-4802-9495-1ffc7d8af24a,65.17723,Pitching,23360159,,,,,,,,,,,,,,,,,,,,12.93357302,1474.044279,0.9746302113,,c7c654b8-c867-48bf-95ba-5611c5487ef2,e0f7e1f4-1297-4a69-85f8-2d9d8353c09b,,,Pitching Bullpen
35,2026-06-27,10:10:20.31,"Lavine, Justin",1000371707,Right,,,,,,Sinker,Live,,75.40521,1.35705991,-4.023629071,1743.346425,240.8335446,2:00,5.32235,2.29166,,-45.20479,10.08982,18.25534,2.88275,-0.11898,67.70504,-6.787367195,-0.7266294734,0.5351959418,-10.29681,4.53232,-1.80082,50,5.43744,6.94622,-108.83186,0.82852,-12.1591,21.84975,-26.82202,5f843b53-e4b6-4170-b837-1e3fc6fd7f55,19aede06-c771-4802-9495-1ffc7d8af24a,,Pitching,23360159,,,,,,,,,,,,,,,,,,,,-1.444541725,1742.792379,0.9996821941,,d3d6b957-7257-42e1-b421-9e7f2dc2a18e,e0f7e1f4-1297-4a69-85f8-2d9d8353c09b,,,Pitching Bullpen
36,2026-06-27,10:10:36.70,"Lavine, Justin",1000371707,Right,,,,,,Curveball,Live,,64.50313,4.322800425,-0.8074066092,1654.146496,78.72045098,8:30,4.92327,2.1336,,-80.57342,-3.47371,-17.13854,2.47811,-0.09048,58.55831,-9.969663023,-3.870072875,0.6319718995,8.02178,-3.05277,-1.99703,50,5.40045,1.91314,-93.00227,4.19838,6.93054,15.71328,-34.81154,941201d8-f916-4d80-9cfa-b50eba5420ad,19aede06-c771-4802-9495-1ffc7d8af24a,,Pitching,23360159,,,,,,,,,,,,,,,,,,,,,,,,39807ccf-a1e5-43d2-8e32-ff6e653528ea,e0f7e1f4-1297-4a69-85f8-2d9d8353c09b,,,Pitching Bullpen
37,2026-06-27,10:11:00.19,"Lavine, Justin",1000371707,Right,,,,,,Curveball,Live,,66.09528,3.86986846,-2.251881883,1790.141413,60.05672307,8:00,5.08531,2.31961,,-83.17946,-10.18507,-17.63048,1.97251,-1.36782,60.54091,-10.81880916,-5.390294342,0.6149164764,7.83514,-6.10915,-1.98599,50,5.4933,4.38278,-95.34247,3.46499,7.14344,15.96085,-37.74387,f521c6e4-06dd-40e6-951b-eeafd5a8ea72,19aede06-c771-4802-9495-1ffc7d8af24a,,Pitching,23360159,,,,,,,,,,,,,,,,,,,,59.32895,913.1661587,0.5101083927,,84ec3477-c91d-4684-b052-49b9973046f9,e0f7e1f4-1297-4a69-85f8-2d9d8353c09b,,,Pitching Bullpen
38,2026-06-27,10:11:16.38,"Lavine, Justin",1000371707,Right,,,,,,Curveball,Live,,65.19092,2.149423378,-0.3315459846,1669.70865,82.7148292,8:45,5.22996,2.2339,4.55466,-71.98471,-2.00669,-15.25583,1.2778,0.64705,59.54385,-11.03405515,-3.155510966,0.6020772511,7.77279,-1.73396,-2.18578,50,5.38831,0.98564,-94.50979,1.47699,6.91852,16.53922,-33.71743,0f05811f-4f1f-49b9-bbdc-88458d65a96d,19aede06-c771-4802-9495-1ffc7d8af24a,62.60399,Pitching,23360159,,,,,,,,,,,,,,,,,,,,,,,,8683e1c4-b8f9-40e1-88e3-ead57bd20daf,e0f7e1f4-1297-4a69-85f8-2d9d8353c09b,,,Pitching Bullpen
39,2026-06-27,10:11:36.15,"Lavine, Justin",1000371707,Right,,,,,,ChangeUp,Live,,68.12365,1.783085954,-4.400065563,1642.327222,281.2400892,3:15,4.93802,2.21057,4.69971,-69.30676,-4.89063,24.10846,0.86043,0.03506,61.61719,-10.98896151,0.08364872309,0.5776552428,-14.04093,-3.15383,-1.78501,50,5.05972,6.87187,-98.4711,1.04729,-13.48774,18.79533,-35.20362,c7f1505f-ad4c-4122-8e6d-2c5972e560da,19aede06-c771-4802-9495-1ffc7d8af24a,65.25075,Pitching,23360159,,,,,,,,,,,,,,,,,,,,20.83898475,1534.892483,0.9345838409,,dd2b83ee-9f2f-45b0-a705-6566d2e5e57f,e0f7e1f4-1297-4a69-85f8-2d9d8353c09b,,,Pitching Bullpen
40,2026-06-27,10:11:58.75,"Lavine, Justin",1000371707,Right,,,,,,ChangeUp,Live,,68.85865,3.661079372,-2.062684061,1685.403679,284.2002769,3:30,4.93015,2.31666,4.38487,-68.18037,-4.87059,18.84157,2.75052,1.91681,62.33072,-8.847724117,1.415341032,0.5726730988,-10.334,-3.67685,-2.1143,50,5.25705,3.00315,-99.61072,4.26284,-10.23051,18.19234,-35.81408,10193847-b247-4cd0-923c-b1c2a1bf09c2,19aede06-c771-4802-9495-1ffc7d8af24a,65.81842,Pitching,23360159,,,,,,,,,,,,,,,,,,,,28.1269172,1486.366757,0.8819054902,,541701b5-dee9-4310-91ad-6e41c6fee16e,e0f7e1f4-1297-4a69-85f8-2d9d8353c09b,,,Pitching Bullpen
41,2026-06-27,10:12:21.20,"Lavine, Justin",1000371707,Right,,,,,,Sinker,Live,,75.99864,0.5184719132,-5.564807145,1810.417773,243.5698626,2:00,5.34368,2.24692,,-44.97454,8.82907,17.96853,2.10319,-1.69274,69.15718,-7.525942398,-2.346163871,0.5279309412,-10.43915,4.19969,-1.56642,50,5.35169,9.97851,-109.6371,-0.76403,-12.67585,19.81758,-27.07453,7765ea93-98fb-4df4-b9ed-0e1361f57c5e,19aede06-c771-4802-9495-1ffc7d8af24a,,Pitching,23360159,,,,,,,,,,,,,,,,,,,,15.79631139,1742.048288,0.9622355205,,c8a5315f-811d-49b1-899e-5b821870c0a8,e0f7e1f4-1297-4a69-85f8-2d9d8353c09b,,,Pitching Bullpen
42,2026-06-27,10:12:42.23,"Lavine, Justin",1000371707,Right,,,,,,Curveball,Live,,63.83473,2.915133106,-0.9096393721,1668.855305,80.9259849,8:45,5.14077,2.31546,4.54373,-74.62779,-2.39017,-14.64559,1.69937,0.22906,58.96582,-10.67028762,-3.600391821,0.6117206076,7.27574,-2.06385,-2.20755,50,5.37596,1.88752,-92.58388,2.58774,6.29796,14.17516,-33.96054,04cf3d5e-c13a-433b-850c-ddd5c5d04aa0,19aede06-c771-4802-9495-1ffc7d8af24a,61.61708,Pitching,23360159,,,,,,,,,,,,,,,,,,,,,,,,7fa93a85-64ac-4e02-ae39-e83b4e23b95c,e0f7e1f4-1297-4a69-85f8-2d9d8353c09b,,,Pitching Bullpen
43,2026-06-27,10:12:57.55,"Lavine, Justin",1000371707,Right,,,,,,ChangeUp,Live,,68.43523,2.521409542,-5.468903089,1709.271781,268.8580894,3:00,4.93006,2.26457,4.85477,-62.66482,0.2775,21.06665,2.10683,-1.17167,62.2357,-9.0159052,-1.575713758,0.5710087907,-12.63235,-0.62135,-1.74159,50,5.12802,8.85244,-98.85262,2.55294,-12.39512,16.98899,-32.78373,54dc3ad4-4f58-4ee5-9418-d4e58ec4a6c2,19aede06-c771-4802-9495-1ffc7d8af24a,66.01026,Pitching,23360159,,,,,,,,,,,,,,,,,,,,33.48462712,1425.590577,0.8340338808,,fd91f2cb-7457-4174-a3ac-17ea53b97593,e0f7e1f4-1297-4a69-85f8-2d9d8353c09b,,,Pitching Bullpen
44,2026-06-27,10:13:15.42,"Lavine, Justin",1000371707,Right,,,,,,Sinker,Live,,75.66874,1.625817931,-2.288923431,1728.620912,250.3102917,2:15,5.35082,1.86187,,-47.6464,7.51942,21.217,2.97981,1.37925,68.57562,-6.863486916,1.506346723,0.534572317,-10.9712,3.15841,-1.58352,50,5.50189,3.50468,-109.40054,1.15815,-13.19864,20.62454,-28.3744,4cb5287b-f2fe-4561-a5ce-1e83837153e0,19aede06-c771-4802-9495-1ffc7d8af24a,,Pitching,23360159,,,,,,,,,,,,,,,,,,,,1.151415968,1728.271873,0.9997980822,,5b146f78-091f-4816-968e-c784c02b4f03,e0f7e1f4-1297-4a69-85f8-2d9d8353c09b,,,Pitching Bullpen
45,2026-06-27,10:19:09.44,"Tipton, Jonathan ",1000292172,Right,,,,,,Fastball,Live,,73.94664,2.876400829,-2.793476234,2060.248665,227.8358189,1:30,4.99425,2.12118,5.93701,-37.05647,13.99284,15.53927,4.57966,0.82296,67.3339,-4.096555367,0.1337385148,0.5142405713,-9.18561,6.74943,-1.90736,50,5.20281,4.82564,-107.39244,4.41396,-10.71275,18.83534,-24.3025,f290a4aa-4371-4bbc-97ad-e6a9892f84cf,19aede06-c771-4802-9495-1ffc7d8af24a,73.29729,Pitching,23360159,,,,,,,,,,,,,,,,,,,,50.11881728,1321.026586,0.6411976419,,27cca116-3e53-4a2e-99c9-cfef330e36d5,e0f7e1f4-1297-4a69-85f8-2d9d8353c09b,,,Pitching Bullpen
46,2026-06-27,10:19:29.70,"Tipton, Jonathan ",1000292172,Right,,,,,,Fastball,Live,,72.70446,1.475255387,-2.309399383,2183.535362,211.4540792,1:00,5.04404,2.1343,5.66777,-35.39278,18.04202,11.0759,3.47138,0.90318,66.091,-5.163397226,-0.2282545192,0.5261184061,-6.61453,9.23201,-1.94639,50,5.14646,3.95691,-105.64795,1.75255,-7.43337,18.95375,-21.79915,0cec88cf-db5f-494a-858f-a863a3c12f57,19aede06-c771-4802-9495-1ffc7d8af24a,71.6425,Pitching,23360159,,,,,,,,,,,,,,,,,,,245.9309443,55.03139115,1251.444281,0.5731275542,2:15,06e86f95-a76b-48e0-9009-ab730596fe55,e0f7e1f4-1297-4a69-85f8-2d9d8353c09b,,,Pitching Bullpen
47,2026-06-27,10:19:49.77,"Tipton, Jonathan ",1000292172,Right,,,,,,Fastball,Live,,73.92798,0.3136858495,-2.14321774,2169.731383,228.4880406,1:30,5.13503,1.91397,5.57035,-37.49585,13.85001,15.71078,2.30355,1.22059,68.0795,-6.656375439,0.7891659376,0.5157320309,-8.93292,7.29278,-1.73979,50,5.13754,3.57496,-107.53713,-0.48355,-10.51094,17.80532,-23.59298,4181dbe0-8d31-4675-a40b-e66e9bbf520f,19aede06-c771-4802-9495-1ffc7d8af24a,73.08532,Pitching,23360159,,,,,,,,,,,,,,,,,,,,,,,,915cbe53-ae13-4134-ab94-fcdf56b30182,e0f7e1f4-1297-4a69-85f8-2d9d8353c09b,,,Pitching Bullpen
48,2026-06-27,10:20:13.84,"Tipton, Jonathan ",1000292172,Right,,,,,,Sinker,Live,,73.23322,1.677914711,-2.102126765,1930.250003,239.6876537,2:00,4.72534,2.11201,,-46.26407,9.26433,15.95861,2.46802,1.44088,65.9356,-6.867094088,0.8566618715,0.5363261975,-8.93869,4.23848,-1.90856,50,4.8578,3.38116,-106.12009,1.62054,-10.0193,21.04938,-27.42317,3ad5bfb6-818f-4fa0-ad6b-d82739001225,19aede06-c771-4802-9495-1ffc7d8af24a,,Pitching,23360159,,,,,,,,,,,,,,,,,,,,53.84292446,1138.849333,0.590000949,,e149d6df-ef99-42f4-8b77-d0d765831236,e0f7e1f4-1297-4a69-85f8-2d9d8353c09b,,,Pitching Bullpen
49,2026-06-27,10:20:38.15,"Tipton, Jonathan ",1000292172,Right,,,,,,Sinker,Live,,72.82607,0.7110074582,-1.692798233,1964.832336,267.0892585,3:00,4.6591,2.14657,,-56.44032,1.04941,21.74665,0.63691,2.33736,65.28562,-9.65945212,2.340116788,0.5457158091,-11.76036,0.27859,-1.98228,50,4.68172,2.39455,-105.4068,-0.56151,-12.84422,22.79706,-31.86978,71e251e0-f79e-41e0-b087-f33aec4b8680,19aede06-c771-4802-9495-1ffc7d8af24a,,Pitching,23360159,,,,,,,,,,,,,,,,,,,,,,,,ef96c7ac-bcc4-4e64-b006-06826056a626,e0f7e1f4-1297-4a69-85f8-2d9d8353c09b,,,Pitching Bullpen
50,2026-06-27,10:21:06.64,"Tipton, Jonathan ",1000292172,Right,,,,,,Sinker,Live,,73.11794,1.509811275,-3.585337405,1947.496766,286.3860575,3:30,4.82915,1.83584,5.35963,-59.15472,-4.95532,16.6317,1.31834,-0.14431,66.22278,-9.527896184,-0.4607102367,0.5298691734,-10.02856,-3.13459,-1.52534,50,4.92397,6.16344,-105.97148,1.10384,-11.19842,21.15384,-35.67429,1fbc44a0-8052-497b-8d6c-9017475852c1,19aede06-c771-4802-9495-1ffc7d8af24a,71.13537,Pitching,23360159,,,,,,,,,,,,,,,,,,,,,,,,589c8554-324c-4944-9320-5da9281fb76b,e0f7e1f4-1297-4a69-85f8-2d9d8353c09b,,,Pitching Bullpen
51,2026-06-27,10:22:04.82,"Tipton, Jonathan ",1000292172,Right,,,,,,Sweeper,Live,,67.25726,3.442615007,-3.136533704,2281.178972,101.7482453,9:30,4.54158,2.09273,4.34841,-63.87915,2.37385,-11.4947,2.51589,-1.86443,61.24981,-8.216917511,-5.241220305,0.5858334427,4.92141,0.15509,-1.74467,50,4.85077,5.68114,-97.26847,3.90925,4.66736,16.69307,-32.02697,bfd57623-7ce0-4330-b7cd-21d1c84eb77d,19aede06-c771-4802-9495-1ffc7d8af24a,64.33986,Pitching,23360159,,,,,,,,,,,,,,,,,,,,,,,,4acc204a-e8de-403c-afe1-84e013b90d5a,e0f7e1f4-1297-4a69-85f8-2d9d8353c09b,,,Pitching Bullpen
52,2026-06-27,10:22:27.95,"Tipton, Jonathan ",1000292172,Right,,,,,,Sweeper,Live,,66.82315,2.575903128,-3.876925571,,,,4.5634,2.13085,4.6619,-67.92311,-3.09463,-8.19142,1.35703,-2.23974,62.61964,-9.697652212,-5.364706905,0.5795011675,3.29776,-2.20042,-1.72798,50,4.76593,6.81082,-96.90234,2.34716,3.18233,13.03014,-34.29745,421fb0d6-3a5c-4a6f-be4f-817556ed3d5d,19aede06-c771-4802-9495-1ffc7d8af24a,65.0429,Pitching,23360159,,,,,,,,,,,,,,,,,,,,,,,,ceb4d1f0-ca05-4c6c-838c-f6107ba0090b,e0f7e1f4-1297-4a69-85f8-2d9d8353c09b,,,Pitching Bullpen
53,2026-06-27,10:22:55.99,"Tipton, Jonathan ",1000292172,Right,,,,,,Sweeper,Live,,65.44314,2.609577249,-0.8567042192,2254.055299,78.17968296,8:30,4.47314,2.03872,4.7542,-70.59937,-2.12092,-9.88446,1.06625,0.40263,60.05877,-10.33998908,-2.685666491,0.5955913037,4.87256,-1.88835,-1.9444,50,4.67486,1.69919,-94.93139,2.32988,4.41033,15.63573,-33.88326,d3630689-2d5d-45f2-879c-9701b118c4c6,19aede06-c771-4802-9495-1ffc7d8af24a,63.28574,Pitching,23360159,,,,,,,,,,,,,,,,,,,,,,,,89b8b1e7-b730-411e-aa64-4a2e44bc9ab7,e0f7e1f4-1297-4a69-85f8-2d9d8353c09b,,,Pitching Bullpen
54,2026-06-27,10:23:22.84,"Tipton, Jonathan ",1000292172,Right,,,,,,Fastball,Live,,74.13436,2.063338279,-2.685107856,2074.606858,223.734006,1:30,5.12039,1.71089,4.86311,-42.35595,10.59766,10.20271,3.54625,0.01834,67.50791,-5.753531218,-0.7985215673,0.5237441783,-6.07893,4.9227,-1.45502,50,5.28864,4.72013,-107.54076,2.53631,-7.09784,19.16456,-26.42623,c9e2e5f2-caf4-4324-83d3-a1f4b64917c3,19aede06-c771-4802-9495-1ffc7d8af24a,71.96727,Pitching,23360159,,,,,,,,,,,,,,,,,,,,52.35297403,1267.159986,0.6107952364,,13c4828d-a9c7-4a1f-9aab-8408fd8ecbfa,e0f7e1f4-1297-4a69-85f8-2d9d8353c09b,,,Pitching Bullpen
55,2026-06-27,10:23:49.39,"Tipton, Jonathan ",1000292172,Right,,,,,,ChangeUp,Live,,64.82851,1.554135025,-2.349858145,1094.859371,239.4095688,2:00,4.63412,1.99415,5.2052,-59.74215,8.81025,15.03512,1.11859,1.0362,59.35412,-9.506487764,0.4551070145,0.5959128407,-8.63317,4.17921,-1.78799,50,4.73391,3.46679,-94.11055,0.98552,-7.68401,15.2915,-28.45432,0fa4a781-015a-41fd-a437-a54891f75e2d,19aede06-c771-4802-9495-1ffc7d8af24a,63.2516,Pitching,23360159,,,,,,,,,,,,,,,,,,,,24.65710279,995.0309467,0.9088207789,,b9a00726-181a-461d-831b-f30852b4899d,e0f7e1f4-1297-4a69-85f8-2d9d8353c09b,,,Pitching Bullpen
56,2026-06-27,10:24:13.28,"Tipton, Jonathan ",1000292172,Right,,,,,,ChangeUp,Live,,64.70488,3.748991992,0.4007211289,1208.11685,228.4918431,1:30,4.61626,1.96781,5.10018,-59.7411,10.40864,11.79644,3.17513,3.3284,58.09321,-7.408578649,2.612897487,0.602815519,-6.08329,4.2026,-2.01446,50,4.92502,-0.9655,-93.71667,4.57083,-5.29102,17.07129,-28.51878,0267baf0-f6df-4df5-be80-6371d5c01ffe,19aede06-c771-4802-9495-1ffc7d8af24a,62.52732,Pitching,23360159,,,,,,,,,,,,,,,,,,,,44.82457608,856.8791418,0.7092684301,,ffa84392-9637-4a0a-b8cd-150fa75c606b,e0f7e1f4-1297-4a69-85f8-2d9d8353c09b,,,Pitching Bullpen
57,2026-06-27,10:24:45.58,"Tipton, Jonathan ",1000292172,Right,,,,,,ChangeUp,Live,,65.05557,3.365313496,-2.852947575,1029.104611,259.8535923,2:45,4.58628,1.9165,4.35204,-69.23822,1.819,10.66449,2.03874,0.07777,58.93458,-9.320456236,-0.8870838673,0.6067021312,-6.3842,-0.14935,-1.62038,50,4.882,4.37458,-94.07766,3.50206,-5.63755,16.22909,-32.30593,e19e2570-a806-484e-8a79-fdbbce9a87ca,19aede06-c771-4802-9495-1ffc7d8af24a,62.12676,Pitching,23360159,,,,,,,,,,,,,,,,,,,,12.15052324,1006.050626,0.9775980156,,5edb4857-bbf9-4e2a-887f-3dd6def4bb6b,e0f7e1f4-1297-4a69-85f8-2d9d8353c09b,,,Pitching Bullpen
58,2026-06-27,10:32:06.07,"Tipton, Jonathan ",1000292172,Right,,,,,,Fastball,Live,,72.70819,,,1982.423325,,,5.12116,1.41243,4.75806,,,,3.00343,-2.33366,66.40753,-6.711601585,-3.640841024,0.5356662507,-2.83459,3.95712,-0.99148,50,5.26894,7.67174,-105.30437,1.97098,-3.17651,18.21644,-27.73959,1406a73d-466a-41fd-b1cb-7923716396e8,19aede06-c771-4802-9495-1ffc7d8af24a,70.36553,Pitching,23360159,,,,,,,,,,,,,,,,,,,,45.57996932,1387.524012,0.6999130784,,fb880e05-c441-4abf-a41a-5a29c87aeb21,e0f7e1f4-1297-4a69-85f8-2d9d8353c09b,,,Pitching Bullpen
59,2026-06-27,10:33:34.23,"Tipton, Jonathan ",1000292172,Right,,,,,,Sinker,Live,,72.69559,2.803593144,-1.361300669,1996.265506,251.7607724,2:30,4.88998,1.84907,5.1128,-50.60594,5.26001,16.14517,3.3165,1.91199,64.68552,-6.697661577,1.680889921,0.5379538384,-9.03238,1.75429,-1.73311,50,5.1161,2.02937,-105.30135,3.67567,-9.84063,22.82428,-30.26277,de1a9148-c359-42d9-92cc-aa53639fcd42,19aede06-c771-4802-9495-1ffc7d8af24a,70.06631,Pitching,23360159,,,,,,,,,,,,,,,,,,,,42.99753516,1460.034735,0.7313830402,,13a25f48-5a47-46d3-bb52-2d2c2ce94115,e0f7e1f4-1297-4a69-85f8-2d9d8353c09b,,,Pitching Bullpen
60,2026-06-27,10:36:46.37,"Tipton, Jonathan ",1000292172,Right,,,,,,Fastball,Live,,73.20794,0.9767458005,-3.28933372,2005.624145,245.3054809,2:15,5.04941,1.68293,5.4875,-45.39216,7.14059,15.68086,2.18198,-0.09056,67.59105,-7.432578421,-0.3727758834,0.5216586826,-9.16886,3.5373,-1.4055,50,5.10438,5.66326,-106.38007,0.51198,-10.58226,17.02387,-28.09147,ed97a808-2268-4276-8282-53fa9f2a7656,19aede06-c771-4802-9495-1ffc7d8af24a,72.25498,Pitching,23360159,,,,,,,,,,,,,,,,,,,,,,,,6bd367ae-9a74-4e3c-ae7f-ff0939af7d27,e0f7e1f4-1297-4a69-85f8-2d9d8353c09b,,,Pitching Bullpen
61,2026-06-27,10:37:58.80,"Tipton, Jonathan ",1000292172,Right,,,,,,Fastball,Live,,73.32979,2.877718975,-0.96266668,2117.096702,238.1603163,2:00,5.10932,1.38878,4.43786,-44.18931,11.22168,18.14951,4.17412,1.98304,66.19115,-5.2545335,2.38506698,0.5357588672,-9.6264,4.86858,-1.3039,50,5.37274,1.18753,-106.25456,3.88623,-10.87747,20.17868,-26.67273,a143e52b-5e3b-4263-acdf-d9f74841cd0d,19aede06-c771-4802-9495-1ffc7d8af24a,70.35336,Pitching,23360159,,,,,,,,,,,,,,,,,,,,43.25728167,1541.84741,0.7282838847,,68785520-22b3-4273-b4e2-8a5d41324a4f,e0f7e1f4-1297-4a69-85f8-2d9d8353c09b,,,Pitching Bullpen
62,2026-06-27,10:38:39.17,"Tipton, Jonathan ",1000292172,Right,,,,,,Fastball,Live,,72.42671,3.293100403,-1.885327943,2125.169194,233.7712669,1:45,5.23637,1.49061,4.93989,-44.26774,11.66592,16.00993,4.66435,1.04257,65.14563,-4.939748764,1.098088356,0.5382797206,-8.97978,5.05211,-1.32042,50,5.52102,2.9687,-104.93351,4.69888,-9.87078,20.09819,-26.62065,55a6c314-9ff0-4636-805e-a98c4960b20d,19aede06-c771-4802-9495-1ffc7d8af24a,70.02389,Pitching,23360159,,,,,,,,,,,,,,,,,,,,44.54618286,1514.576748,0.7126852545,,b709c8a0-1ef8-4bf8-8ab0-3a8c9a01090a,e0f7e1f4-1297-4a69-85f8-2d9d8353c09b,,,Pitching Bullpen
63,2026-06-27,10:39:04.58,"Tipton, Jonathan ",1000292172,Right,,,,,,Fastball,Live,,73.24741,0.7042412367,-3.463947697,2071.709615,218.7254362,1:15,5.04629,1.48172,4.98926,-38.89195,15.0958,12.16969,2.47142,-0.77843,66.81592,-6.479301015,-1.210633975,0.5288335615,-7.35199,7.68824,-1.15789,50,5.08327,6.05776,-106.26108,0.11226,-8.38297,18.67531,-23.40767,c3e596a9-54fd-4384-a185-66e685b3c038,19aede06-c771-4802-9495-1ffc7d8af24a,71.27467,Pitching,23360159,,,,,,,,,,,,,,,,,,,,46.86509082,1416.466233,0.6837185202,,c8ce96b0-4aae-4830-b65d-56f40a98f80c,e0f7e1f4-1297-4a69-85f8-2d9d8353c09b,,,Pitching Bullpen
64,2026-06-27,10:50:14.93,"Beelek, Ryan",1000504684,Right,,,,,,Fastball,Live,,81.32497,-0.7611714162,-3.417443881,2151.419276,191.0135312,12:15,6.15089,1.95449,6.20866,-22.8686,19.24754,3.75867,3.54146,-0.88969,73.56151,-5.098885423,-2.703623945,0.467084755,-3.12881,10.77013,-1.70019,50,6.08236,6.95146,-118.14694,-2.2044,-4.36854,25.07112,-17.13647,4c102d19-7950-4a84-9c55-8d3fee6c5da0,19aede06-c771-4802-9495-1ffc7d8af24a,80.69722,Pitching,23360159,,,,,,,,,,,,,,,,,,,,38.8306766,1675.960704,0.7790023648,,91efedfd-627a-4637-80f2-becbd940327f,e0f7e1f4-1297-4a69-85f8-2d9d8353c09b,,,Pitching Bullpen
65,2026-06-27,10:50:41.65,"Beelek, Ryan",1000504684,Right,,,,,,Fastball,Live,,82.5218,-2.418765505,-3.862953509,2139.453788,227.0167624,1:30,6.01062,2.01937,6.28503,-29.55169,11.77902,12.6547,1.31273,-0.49112,74.08727,-8.040166812,-1.440404696,0.4627088819,-8.31319,7.32772,-1.7409,50,5.81809,7.73421,-119.6571,-5.87264,-11.76136,28.29028,-21.80691,569e87e5-d0ff-4768-b3a4-0a4059f21a57,19aede06-c771-4802-9495-1ffc7d8af24a,81.46037,Pitching,23360159,,,,,,,,,,,,,,,,,,,,23.29458358,1965.053581,0.9184837699,,741afd9f-51f2-493a-838d-cb5996477491,e0f7e1f4-1297-4a69-85f8-2d9d8353c09b,,,Pitching Bullpen
66,2026-06-27,10:50:58.32,"Beelek, Ryan",1000504684,Right,,,,,,Sinker,Live,,81.31469,-2.337024195,-3.947287612,2187.691235,230.6183272,1:45,6.15728,2.08168,5.97015,-29.80815,12.50078,15.24295,1.50054,-0.31292,74.37279,-7.920404698,-1.075044533,0.4681526121,-9.39101,7.44267,-1.77767,50,5.95545,7.69855,-117.99257,-5.69362,-13.19214,23.19576,-21.71886,24c2430f-d35c-4e48-8564-eef754719e19,19aede06-c771-4802-9495-1ffc7d8af24a,80.51314,Pitching,23360159,,,,,,,,,,,,,,,,,,,,40.94328357,1652.491466,0.7553586356,,65eccac5-455b-43f2-b4c5-f07b774671da,e0f7e1f4-1297-4a69-85f8-2d9d8353c09b,,,Pitching Bullpen
67,2026-06-27,10:51:13.83,"Beelek, Ryan",1000504684,Right,,,,,,Sinker,Live,,82.43284,-2.288407395,-4.189008582,2210.557924,229.3184652,1:45,6.07255,2.2567,,-27.44889,12.7329,14.82946,1.68068,-0.35432,75.49965,-7.485229073,-1.368254842,0.4562323227,-9.38631,7.68897,-1.97465,50,5.90294,8.3786,-119.71136,-5.51736,-13.59581,23.50653,-21.03679,91aca1ca-7c9d-4168-9f88-ef0b42584441,19aede06-c771-4802-9495-1ffc7d8af24a,,Pitching,23360159,,,,,,,,,,,,,,,,,,,,39.89874348,1695.894101,0.7671792189,,dc64d5c1-0355-4b9c-aa0f-d97097bad7c5,e0f7e1f4-1297-4a69-85f8-2d9d8353c09b,,,Pitching Bullpen
68,2026-06-27,10:51:35.94,"Beelek, Ryan",1000504684,Right,,,,,,Fastball,Live,,82.99376,1.274063395,-3.031008095,1746.488914,229.5025719,1:45,6.0436,2.35853,,-32.15055,10.55854,12.43674,4.57711,0.51169,75.25858,-4.64678917,-0.7385715616,0.4703612588,-7.31163,5.07903,-2.05884,50,6.14578,5.91718,-120.33552,1.50475,-10.66544,24.48445,-24.76529,d6a68631-f076-4230-9053-ac355b365896,19aede06-c771-4802-9495-1ffc7d8af24a,,Pitching,23360159,,,,,,,,,,,,,,,,,,,,1.139455282,1746.143555,0.9998022552,,3d135247-25e4-4546-882c-56d8ba92434c,e0f7e1f4-1297-4a69-85f8-2d9d8353c09b,,+5%,Pitching Bullpen
69,2026-06-27,10:51:57.53,"Beelek, Ryan",1000504684,Right,,,,,,Fastball,Live,,82.74504,1.449266401,-0.5342534879,1662.886333,231.3161192,1:45,6.02791,2.57822,5.28464,-33.56297,8.05668,10.10572,4.59213,2.91872,75.56343,-4.789685931,1.347894982,0.4643234937,-5.48409,3.84709,-2.53688,50,6.13567,0.78461,-120.30132,1.92393,-8.03125,23.48898,-26.54013,d7ab362e-3bb9-4ffa-990b-d3e8daebce49,19aede06-c771-4802-9495-1ffc7d8af24a,81.17711,Pitching,23360159,,,,,,,,,,,,,,,,,,,,1.101854969,1662.578849,0.9998150901,,b649fa60-2420-4da5-b39d-23cf5d0b781a,e0f7e1f4-1297-4a69-85f8-2d9d8353c09b,,+5%,Pitching Bullpen
70,2026-06-27,10:52:18.61,"Beelek, Ryan",1000504684,Right,,,,,,Sinker,Live,,81.76017,-0.5757421781,-2.373998718,1696.606547,234.5514704,1:45,6.11498,2.22268,5.30433,-35.37701,7.70117,10.87007,2.62602,0.89902,74.13394,-7.167674769,-0.3384505054,0.4723893232,-6.50087,4.2598,-2.01504,50,6.03767,4.56767,-118.70596,-2.34475,-9.16539,25.24977,-26.16828,fb8bec7e-554d-409b-bc60-fca3cbe7ac9b,19aede06-c771-4802-9495-1ffc7d8af24a,79.79105,Pitching,23360159,,,,,,,,,,,,,,,,,,,,,,,,aeba29b8-3342-4604-a4e7-590b05d2174f,e0f7e1f4-1297-4a69-85f8-2d9d8353c09b,,+5%,Pitching Bullpen
71,2026-06-27,10:52:39.47,"Beelek, Ryan",1000504684,Right,,,,,,Sinker,Live,,82.14442,-0.02020449856,-2.636003533,1777.490053,230.7460837,1:45,6.0686,2.29727,,-33.9539,8.4637,10.41171,3.22018,0.6953,74.45352,-6.367525143,-0.683262187,0.4687534688,-6.35605,4.51023,-2.07144,50,6.04387,5.15844,-119.2851,-1.12929,-9.05964,25.24534,-25.74536,6e555179-47bd-43b2-a2e9-fc7db6926218,19aede06-c771-4802-9495-1ffc7d8af24a,,Pitching,23360159,,,,,,,,,,,,,,,,,,,,,,,,e33184db-d6a6-4961-9db5-40ab55e90134,e0f7e1f4-1297-4a69-85f8-2d9d8353c09b,,+5%,Pitching Bullpen
72,2026-06-27,10:53:04.05,"Beelek, Ryan",1000504684,Right,,,,,,Fastball,Live,,82.98147,-3.103656911,-5.186476761,2230.101265,213.2847299,1:00,6.18437,2.3217,,-26.4335,17.05639,11.21468,1.01798,-1.68457,74.69436,-7.964909286,-3.114920127,0.4746413543,-7.51459,9.86201,-1.80054,50,5.8428,10.46465,-119.73015,-7.46896,-10.72453,26.74748,-18.09938,0b44498e-1d96-4a96-be75-00d950714756,19aede06-c771-4802-9495-1ffc7d8af24a,,Pitching,23360159,,,,,,,,,,,,,,,,,,,,30.97019355,1912.167142,0.8574351181,,cba36c44-cf67-4d80-bb5d-4a8a17f712ce,e0f7e1f4-1297-4a69-85f8-2d9d8353c09b,,,Pitching Bullpen
73,2026-06-27,10:53:21.58,"Beelek, Ryan",1000504684,Right,,,,,,Sinker,Live,,82.37268,-1.993562209,-3.881953034,2181.764309,246.8106414,2:15,6.05899,2.29865,,-34.59271,8.15628,19.05042,1.29373,0.22472,75.02999,-8.386504918,-0.3368866051,0.4705809359,-11.18543,4.88944,-1.9483,50,5.84529,7.45651,-119.3581,-5.33133,-16.01023,24.64554,-25.17557,50d50811-9b6d-404c-b325-e79dbd79c8da,19aede06-c771-4802-9495-1ffc7d8af24a,,Pitching,23360159,,,,,,,,,,,,,,,,,,,,43.23200178,1589.6033,0.7285861692,,1aebb67b-f1e1-4e2e-b796-36a3bc35fa28,e0f7e1f4-1297-4a69-85f8-2d9d8353c09b,,,Pitching Bullpen
74,2026-06-27,10:54:25.67,"Beelek, Ryan",1000504684,Right,,,,,,Fastball,Live,,83.21916,-1.820636987,-2.130298619,1646.269563,221.5121822,1:30,6.06509,2.39895,,-30.55069,11.15143,9.89247,1.80135,1.21443,75.97256,-7.46131346,-0.2916238642,0.4647832995,-5.81082,6.38112,-2.20487,50,5.8691,4.15288,-120.81017,-4.89592,-8.5468,24.58631,-22.78843,0c64fa64-64b4-414f-93d7-3df84ad0815f,19aede06-c771-4802-9495-1ffc7d8af24a,,Pitching,23360159,,,,,,,,,,,,,,,,,,,,,,,,eddaf73e-024c-4936-a165-59e823aab4f3,e0f7e1f4-1297-4a69-85f8-2d9d8353c09b,,+5%,Pitching Bullpen
75,2026-06-27,10:54:45.58,"Beelek, Ryan",1000504684,Right,,,,,,Sinker,Live,,82.56194,-2.310610942,-2.275984411,1693.742977,238.3843124,2:00,6.16025,2.07806,,-35.49236,8.03643,13.07963,1.00642,1.00655,74.63391,-8.841716103,0.1546487689,0.4748536046,-7.54156,4.93448,-1.85875,50,5.89546,4.28713,-119.60291,-6.09537,-10.73363,26.81885,-25.15098,1f979feb-55c4-46ed-b7e8-a2880d7ef875,19aede06-c771-4802-9495-1ffc7d8af24a,,Pitching,23360159,,,,,,,,,,,,,,,,,,,,,,,,440f8ff9-9220-4a3a-bc5e-af988f3f160b,e0f7e1f4-1297-4a69-85f8-2d9d8353c09b,,+5%,Pitching Bullpen
76,2026-06-27,10:55:09.79,"Beelek, Ryan",1000504684,Right,,,,,,Slider,Live,,74.37146,0.2536739715,-2.577041378,2248.161786,162.9683694,11:30,6.21394,2.17582,5.75428,-42.23085,8.55994,-2.63766,2.93105,-0.44417,68.17721,-7.63386278,-3.072022451,0.5129368359,0.67265,4.52499,-1.96068,50,6.20941,4.93906,-108.11424,-0.69018,0.79321,19.49976,-26.83807,1f52df6d-e861-47fa-8440-3d530b8c8eab,19aede06-c771-4802-9495-1ffc7d8af24a,73.48359,Pitching,23360159,,,,,,,,,,,,,,,,,,,,,,,,f9b3d6ff-be0d-4dbb-989f-6d38ab201a77,e0f7e1f4-1297-4a69-85f8-2d9d8353c09b,,,Pitching Bullpen
77,2026-06-27,10:55:26.62,"Beelek, Ryan",1000504684,Right,,,,,,Slider,Live,,73.86514,-1.408812003,-2.983715459,2086.49069,251.6937719,2:30,6.16919,2.20018,5.65618,-52.0147,0.12256,0.50048,0.51893,-0.54281,67.78816,-11.06484921,-2.889593282,0.5196913935,-1.20176,0.5067,-1.94809,50,6.01749,5.57521,-107.22951,-4.08405,-1.38258,20.59991,-31.59111,b4834645-7350-4f8f-9004-b311162b7301,19aede06-c771-4802-9495-1ffc7d8af24a,72.5285,Pitching,23360159,,,,,,,,,,,,,,,,,,,,,,,,c883f1f8-c760-4979-a420-02b83ccd101e,e0f7e1f4-1297-4a69-85f8-2d9d8353c09b,,,Pitching Bullpen
78,2026-06-27,10:55:48.82,"Beelek, Ryan",1000504684,Right,,,,,,Fastball,Live,,83.70103,-3.432706151,-6.606904786,2268.745298,198.0416413,12:30,6.19842,2.29968,,-27.04941,15.60608,5.10817,0.65637,-3.58133,76.13727,-8.35676076,-5.673841657,0.4700660184,-4.62974,9.10258,-1.62473,50,5.82025,13.77191,-120.51282,-8.26533,-6.75718,25.07385,-18.88867,5009b331-96ae-41ed-a0f1-eea45c49e870,19aede06-c771-4802-9495-1ffc7d8af24a,,Pitching,23360159,,,,,,,,,,,,,,,,,,,,38.00989893,1787.554345,0.7879043747,,2990e3f1-d5bb-47a0-901b-2f3608eb188e,e0f7e1f4-1297-4a69-85f8-2d9d8353c09b,,,Pitching Bullpen
79,2026-06-27,10:56:43.43,"Beelek, Ryan",1000504684,Right,,,,,,Sinker,Live,,81.30581,2.931271276,-1.091766855,1754.142445,266.744152,3:00,6.06776,2.32079,,-43.38881,0.78922,14.75779,5.24248,2.51225,74.44288,-5.017141788,1.617265004,0.4783817519,-7.88553,-0.37677,-2.22163,50,6.33087,1.71343,-117.99338,4.46945,-11.16012,21.63466,-32.70728,a9d6c010-9d84-4a9e-bc73-551b23d6fc39,19aede06-c771-4802-9495-1ffc7d8af24a,,Pitching,23360159,,,,,,,,,,,,,,,,,,,,1.024248906,1753.862167,0.9998402193,,049bcd89-9d59-4846-9e87-c6b5811c3f98,e0f7e1f4-1297-4a69-85f8-2d9d8353c09b,,+5%,Pitching Bullpen
80,2026-06-27,10:56:59.42,"Beelek, Ryan",1000504684,Right,,,,,,Sinker,Live,,82.88886,-2.498455193,-4.300291637,2239.64612,222.4039738,1:30,6.05501,2.31648,,-25.64093,15.0808,13.78813,1.59068,-0.5344,76.00324,-7.287897007,-1.714014246,0.4592873858,-8.61707,8.81929,-1.97778,50,5.83851,8.62471,-120.23169,-6.03492,-12.62799,23.06057,-19.24972,36e7278d-0ee6-44b4-9e6d-afe47da06f76,19aede06-c771-4802-9495-1ffc7d8af24a,,Pitching,23360159,,,,,,,,,,,,,,,,,,,,38.94577562,1741.865057,0.7777411984,,55b164a9-5aaa-407a-8d6b-da3d7788e546,e0f7e1f4-1297-4a69-85f8-2d9d8353c09b,,,Pitching Bullpen
81,2026-06-27,10:57:20.09,"Beelek, Ryan",1000504684,Right,,,,,,Sweeper,Live,,73.10503,-0.3397426723,-1.303343586,2005.069411,110.4081178,9:45,6.17572,2.07734,5.72481,-50.66594,2.93675,-8.01826,1.63709,0.1952,66.04914,-9.861193238,-2.825612981,0.5269442901,3.86569,1.70458,-1.96391,50,6.11696,2.63119,-106.18326,-1.9906,4.30047,22.51899,-30.27775,6f54cd55-d7c3-4822-93e9-c1316264d834,19aede06-c771-4802-9495-1ffc7d8af24a,71.53022,Pitching,23360159,,,,,,,,,,,,,,,,,,,,,,,,3a14f55c-e004-4ace-a311-b8d2a78a92f5,e0f7e1f4-1297-4a69-85f8-2d9d8353c09b,,,Pitching Bullpen
82,2026-06-27,10:57:45.40,"Beelek, Ryan",1000504684,Right,,,,,,Sweeper,Live,,73.32787,1.59809575,-2.191931234,2106.116548,136.4872877,10:30,6.20718,2.20722,5.24647,-46.33801,7.69923,-7.34741,3.84876,-0.46563,66.13793,-7.055350852,-3.568604772,0.5290759009,3.1611,3.54495,-2.00091,50,6.32052,4.28638,-106.37325,1.61436,3.55388,21.44476,-28.18862,0ff6c245-b37a-429c-876f-d184c8d509ce,19aede06-c771-4802-9495-1ffc7d8af24a,71.24203,Pitching,23360159,,,,,,,,,,,,,,,,,,,,,,,,38047acc-bbc2-407e-9088-f95e15280b8d,e0f7e1f4-1297-4a69-85f8-2d9d8353c09b,,,Pitching Bullpen
83,2026-06-27,10:58:06.47,"Beelek, Ryan",1000504684,Right,,,,,,Sinker,Live,,81.99486,-1.202304853,-1.928427955,1883.352921,258.0275533,2:30,6.17864,2.27515,,-38.75121,3.30268,15.69327,1.82561,1.78108,75.23861,-8.404896687,1.012422734,0.4667394092,-8.92747,2.10783,-2.11931,50,6.04992,3.5185,-119.19181,-3.72449,-12.80115,23.60374,-29.15162,bb522496-efa4-406f-91a0-1f087fbd0f1b,19aede06-c771-4802-9495-1ffc7d8af24a,,Pitching,23360159,,,,,,,,,,,,,,,,,,,,,,,,f4d7f2b3-92b7-4e73-9b0d-d12fd6599cde,e0f7e1f4-1297-4a69-85f8-2d9d8353c09b,,+5%,Pitching Bullpen
84,2026-06-27,10:58:22.22,"Beelek, Ryan",1000504684,Right,,,,,,Sinker,Live,,82.5924,-0.7520798771,-4.099361549,2211.579813,227.998084,1:30,5.90156,2.27455,,-29.26667,13.24239,14.76666,2.75275,-0.36094,74.83684,-6.187550445,-1.351551595,0.4692584732,-9.01581,7.19729,-1.90155,50,5.80903,8.0809,-119.70157,-2.56252,-12.96716,24.98465,-21.8224,792ef397-158d-44d4-a21a-4c751d7795a6,19aede06-c771-4802-9495-1ffc7d8af24a,,Pitching,23360159,,,,,,,,,,,,,,,,,,,,36.0623268,1787.790516,0.8083771184,,778d7e94-f6de-4d30-9858-285536440f17,e0f7e1f4-1297-4a69-85f8-2d9d8353c09b,,,Pitching Bullpen
85,2026-06-27,10:58:39.08,"Beelek, Ryan",1000504684,Right,,,,,,ChangeUp,Live,,78.09127,-3.099013512,-3.334752986,1423.667139,195.2528059,12:30,6.07015,2.31932,,-26.61727,19.08477,5.21123,0.97633,-0.33611,71.53354,-8.079764971,-2.351760972,0.4865631237,-3.78893,11.25564,-2.06328,50,5.81495,6.4608,-113.33901,-6.8784,-4.91244,21.34523,-17.58084,332cdd61-c6f1-4539-bdfd-a7b7b4b71bf7,19aede06-c771-4802-9495-1ffc7d8af24a,,Pitching,23360159,,,,,,,,,,,,,,,,,,,,41.32631764,1069.11835,0.750960896,,a2fb60a9-7e52-4506-9475-4d8383844adf,e0f7e1f4-1297-4a69-85f8-2d9d8353c09b,,,Pitching Bullpen
86,2026-06-27,10:59:35.12,"Beelek, Ryan",1000504684,Right,,,,,,ChangeUp,Live,,76.59752,-2.080636899,-4.077417165,1481.946695,221.2703645,1:30,6.15752,2.12339,5.80299,-38.33316,9.45869,8.33269,1.02256,-0.9802,70.64072,-9.198344118,-2.517518966,0.4975632875,-5.60077,5.65723,-1.79363,50,5.96364,7.68755,-111.15486,-5.13462,-7.01504,19.71485,-25.08829,fe167f58-bdb7-4e29-84d5-d389f7c6b25e,19aede06-c771-4802-9495-1ffc7d8af24a,75.75406,Pitching,23360159,,,,,,,,,,,,,,,,,,,227.7010622,61.24558193,712.8999001,0.4810563717,1:30,f2a31049-17fa-4778-a3cd-819d1f5ad306,e0f7e1f4-1297-4a69-85f8-2d9d8353c09b,,,Pitching Bullpen
87,2026-06-27,10:59:58.15,"Beelek, Ryan",1000504684,Right,,,,,,Sinker,Live,,83.4805,-1.236660541,-0.9325870734,1755.228418,254.1538795,2:30,6.04028,2.10485,5.49702,-36.73405,4.31615,15.30635,1.82221,2.50812,75.80603,-8.092768188,1.947803772,0.4611360382,-8.46617,2.69813,-2.03354,50,5.90803,1.48192,-121.29089,-3.80056,-12.43379,26.85098,-28.21145,311e1c46-5f7b-41b8-ae1d-9bb653280ed0,19aede06-c771-4802-9495-1ffc7d8af24a,81.73822,Pitching,23360159,,,,,,,,,,,,,,,,,,,,,,,,62ff590b-9334-4385-8d91-7f449918b458,e0f7e1f4-1297-4a69-85f8-2d9d8353c09b,,+5%,Pitching Bullpen
88,2026-06-27,11:00:14.79,"Beelek, Ryan",1000504684,Right,,,,,,Sinker,Live,,85.07355,-2.454875527,-5.05143468,2280.735686,244.3416296,2:15,6.13943,2.33961,,-32.65115,8.17241,17.00039,1.07569,-1.05536,77.63212,-8.423132195,-1.927757344,0.4598612781,-10.24382,4.93344,-1.83741,50,5.85875,10.23625,-122.9805,-6.51142,-15.62955,25.24092,-24.64683,93888a96-358a-4935-b357-90ebe8081cff,19aede06-c771-4802-9495-1ffc7d8af24a,,Pitching,23360159,,,,,,,,,,,,,,,,,,,,50.60118013,1447.616232,0.6347145969,,535d5758-f8e6-41c9-b3db-36b1c50a6c1c,e0f7e1f4-1297-4a69-85f8-2d9d8353c09b,,,Pitching Bullpen
89,2026-06-27,11:04:57.07,"Pringle, Noah",1000357818,Left,,,,,,Fastball,Live,,82.11169,-1.069208106,1.45335967,2009.840124,142.3376484,10:45,6.03402,-1.79692,4.63917,-26.04406,18.27456,-14.13046,2.84727,-1.59317,73.27748,-5.903850771,-1.181059062,0.4791422877,7.84934,9.86651,1.66055,50,5.90197,-2.51675,-118.99216,-3.14719,10.97262,28.1542,-18.38162,631a69d9-a4ce-427f-81e9-e0d1966a11b1,19aede06-c771-4802-9495-1ffc7d8af24a,78.66648,Pitching,23360159,,,,,,,,,,,,,,,,,,,,-25.03899349,1820.955265,0.9060199581,,17556a9f-a084-4fa7-ae28-3eb38292061e,e0f7e1f4-1297-4a69-85f8-2d9d8353c09b,,,Pitching Bullpen
90,2026-06-27,11:05:15.33,"Pringle, Noah",1000357818,Left,,,,,,Fastball,Live,,81.49954,-3.299930569,1.943620423,2084.694003,153.7517702,11:15,5.98185,-1.78472,,-24.97924,21.82724,-10.76037,0.69758,-0.79753,73.09722,-7.817500048,-0.02033863293,0.4924071847,6.03299,12.02297,1.56219,50,5.55266,-3.56213,-117.7152,-7.79543,8.29609,26.50836,-15.64103,34829975-4c0a-49b0-b7bc-a21b06c1de89,19aede06-c771-4802-9495-1ffc7d8af24a,,Pitching,23360159,,,,,,,,,,,,,,,,,,,,-12.63683229,2034.195059,0.9757763281,,bae583c8-43c3-4bfb-96c7-9254228edee4,e0f7e1f4-1297-4a69-85f8-2d9d8353c09b,,,Pitching Bullpen
91,2026-06-27,11:05:32.79,"Pringle, Noah",1000357818,Left,,,,,,Fastball,Live,,81.08337,-1.533552564,3.480313157,2071.677909,133.9696908,10:30,5.81228,-1.75151,6.29012,-30.38796,11.91315,-12.38362,1.864,0.42721,73.49087,-7.294953521,1.121150254,0.4681093454,7.90051,7.02558,1.50152,50,5.68475,-6.82689,-117.76532,-3.98149,10.94768,25.13672,-22.43875,b48c7690-59bd-414e-8926-8f002b02dda2,19aede06-c771-4802-9495-1ffc7d8af24a,80.52059,Pitching,23360159,,,,,,,,,,,,,,,,,,,,-12.37138842,2023.57228,0.9767793882,,e4b112ef-0198-4fd5-b05a-e5b115bfbd4b,e0f7e1f4-1297-4a69-85f8-2d9d8353c09b,,,Pitching Bullpen
92,2026-06-27,11:05:53.02,"Pringle, Noah",1000357818,Left,,,,,,Fastball,Live,,82.00649,-0.5887955037,2.11186169,1993.657659,153.8486538,11:15,5.95932,-1.72045,,-26.97426,18.87617,-9.29119,3.142,-0.45274,73.33592,-5.508906966,0.412322329,0.4873524141,5.37745,9.67876,1.48056,50,5.85887,-4.00474,-118.656,-2.29668,7.51315,26.93807,-18.65129,c3327554-d121-4cc0-ad94-c2450de9d434,19aede06-c771-4802-9495-1ffc7d8af24a,,Pitching,23360159,,,,,,,,,,,,,,,,,,,,-27.03785089,1775.763663,0.8907064134,,8fd2a663-d79b-4b82-bb57-976c7a0aa063,e0f7e1f4-1297-4a69-85f8-2d9d8353c09b,,,Pitching Bullpen
93,2026-06-27,11:06:16.27,"Pringle, Noah",1000357818,Left,,,,,,Fastball,Live,,80.51423,-1.716414678,0.9064690199,1765.008598,137.3379417,10:30,5.92767,-1.89562,4.82255,-30.45401,14.59148,-13.47113,1.76369,-2.15971,73.32907,-7.320115824,-1.590472967,0.4830555363,7.27998,8.10578,1.81704,50,5.73215,-1.3843,-116.88024,-4.55411,9.99486,23.57514,-21.04544,4df0f925-0c6d-41e1-92d9-8bd279cf886b,19aede06-c771-4802-9495-1ffc7d8af24a,78.0292,Pitching,23360159,,,,,,,,,,,,,,,,,,,,,,,,4e132a1d-d568-4a20-b959-65f8675a172c,e0f7e1f4-1297-4a69-85f8-2d9d8353c09b,,+5%,Pitching Bullpen
94,2026-06-27,11:06:40.77,"Pringle, Noah",1000357818,Left,,,,,,Fastball,Live,,82.04583,0.3919330597,1.964029911,3791.532365,144.551086,10:45,6.01267,-1.8269,,-25.80093,20.43385,-14.58597,4.24253,-1.1389,72.88504,-4.322649451,-0.7054123564,0.489390805,7.99183,10.09261,1.60649,50,6.0299,-3.48001,-118.64033,-0.22881,11.10833,27.9418,-18.14571,7fcaf273-3924-416a-919b-3c89c381ddfd,19aede06-c771-4802-9495-1ffc7d8af24a,,Pitching,23360159,,,,,,,,,,,,,,,,,,,,,,,,bbb39858-31f6-4cfe-a81b-ce627794e379,e0f7e1f4-1297-4a69-85f8-2d9d8353c09b,,+5%,Pitching Bullpen
95,2026-06-27,11:07:05.67,"Pringle, Noah",1000357818,Left,,,,,,Fastball,Live,,81.99194,-2.481787515,2.473804396,1820.768931,137.0776318,10:30,5.9075,-1.85956,4.66466,-29.65555,14.30707,-13.31621,1.07543,-0.61826,74.36961,-7.927659419,0.008831790913,0.4772140082,7.66479,8.18113,1.61915,50,5.62851,-4.65646,-118.80169,-6.21428,10.83159,25.13984,-20.61278,8ae6a194-46b7-4e9c-8fe4-59932f9d3525,19aede06-c771-4802-9495-1ffc7d8af24a,78.98435,Pitching,23360159,,,,,,,,,,,,,,,,,,,,,,,,0b5dbe80-b390-4bfc-81eb-874cfc09d88f,e0f7e1f4-1297-4a69-85f8-2d9d8353c09b,,+5%,Pitching Bullpen
96,2026-06-27,11:07:25.60,"Pringle, Noah",1000357818,Left,,,,,,Fastball,Live,,80.72836,1.659212933,1.992647561,1787.140266,145.6099768,10:45,5.88138,-1.86786,,-29.67993,15.79526,-10.84665,4.98795,-0.87527,72.66201,-3.825314637,-0.01350792237,0.4853540613,6.22604,7.63564,1.67144,50,6.02649,-3.68566,-117.04063,2.33488,8.53049,24.61472,-21.71222,886808bb-48d2-4f05-9851-956bce654885,19aede06-c771-4802-9495-1ffc7d8af24a,,Pitching,23360159,,,,,,,,,,,,,,,,,,,,0.1020773597,1787.13743,0.999998413,,cccd8e7e-6637-488e-9e0c-ae8db088099d,e0f7e1f4-1297-4a69-85f8-2d9d8353c09b,,+5%,Pitching Bullpen
97,2026-06-27,11:07:52.68,"Pringle, Noah",1000357818,Left,,,,,,Fastball,Live,,80.58003,0.9555778737,2.386514063,2006.732756,147.017707,11:00,5.87846,-1.84365,4.77152,-30.38111,14.54828,-9.47687,4.25336,-0.36991,73.25999,-4.64861703,0.6361703585,0.4824326339,5.60311,7.27179,1.61302,50,5.94823,-4.54358,-116.95596,0.89213,7.73471,22.75377,-22.13584,77d561bb-027e-4078-ab45-05f248b936bf,19aede06-c771-4802-9495-1ffc7d8af24a,78.12995,Pitching,23360159,,,,,,,,,,,,,,,,,,,,-27.54944426,1779.193403,0.88661203,,68220d3e-d1f7-42af-b6f3-404a9e133b7b,e0f7e1f4-1297-4a69-85f8-2d9d8353c09b,,,Pitching Bullpen
98,2026-06-27,11:08:12.90,"Pringle, Noah",1000357818,Left,,,,,,Fastball,Live,,80.64945,-2.441491125,2.593268982,1893.983597,142.9367849,10:45,5.93275,-1.99096,4.89924,-26.91704,17.81386,-13.46467,1.37706,-0.65897,73.60996,-7.391655509,0.1001640968,0.4813657442,7.76641,9.98975,1.74835,50,5.67178,-4.83628,-116.96903,-5.91496,10.71926,22.83812,-18.38613,4a647603-3b83-4055-88fc-f58a7a37546c,19aede06-c771-4802-9495-1ffc7d8af24a,78.30312,Pitching,23360159,,,,,,,,,,,,,,,,,,,,-26.96706946,1688.045659,0.8912673064,,7981b530-5a6e-4195-94dc-a7db7b06f872,e0f7e1f4-1297-4a69-85f8-2d9d8353c09b,,,Pitching Bullpen
99,2026-06-27,11:08:34.64,"Pringle, Noah",1000357818,Left,,,,,,Fastball,Live,,80.56853,1.106542144,1.47973921,1725.300582,160.3552225,11:15,5.87495,-1.79246,,-26.58431,20.89808,-7.47645,4.73356,-0.97965,72.45651,-3.714593876,0.1225834759,0.4959497785,4.18061,10.05158,1.62063,50,5.97817,-2.71131,-116.65532,1.17964,5.69418,24.31633,-18.48335,5886041a-a5fd-4fb9-b079-ce363037415d,19aede06-c771-4802-9495-1ffc7d8af24a,,Pitching,23360159,,,,,,,,,,,,,,,,,,,,-1.275498093,1724.873087,0.9997522199,,f683de1a-b158-450c-b39a-2d4c444ec8fa,e0f7e1f4-1297-4a69-85f8-2d9d8353c09b,,+5%,Pitching Bullpen